August,https://www.twitch.tv/videos/2496172769,2025-06-26T04:23:02Z,BUSAN,3 VOTES,JUNKERTOWN,1 VOTE,COLOSSEO,1 VOTE
August,https://www.twitch.tv/videos/2496172769,2025-06-26T04:23:02Z,RIALTO,1 VOTE,NUMBANI,0 VOTES,ROUTE 66,8 VOTES
August,https://www.twitch.tv/videos/2496172769,2025-06-26T04:23:02Z,HAVANA,0 VOTES,WATCHPOINT: GIBRALTAR,1 VOTE,LIJIANG TOWER,5 VOTES
August,https://www.twitch.tv/videos/2496172769,2025-06-26T04:23:02Z,RIALTO,4 VOTES,RUNASAPI,0 VOTES,ANTARCTIC PENINSULA,4 VOTES
August,https://www.twitch.tv/videos/2496172769,2025-06-26T04:23:02Z,EICHENWALDE,4 VOTES,NEW QUEEN STREET,3 VOTES,PARAiso,0 VOTES
August,https://www.twitch.tv/videos/2496172769,2025-06-26T04:23:02Z,MIDTOWN,1 VOTE,NEW JUNK CITY,8 VOTES,JUNKERTOWN,0 VOTES
August,https://www.twitch.tv/videos/2496172769,2025-06-26T04:23:02Z,NUMBANI,1 VOTE,SAMOA,5 VOteS,MIDTOWN,0 VOTES
August,https://www.twitch.tv/videos/2496172769,2025-06-26T04:23:02Z,COLOSSEO,0 VOTES,RUNASAPI,7 VOTES,NUMBANI,0 VOTES
August,https://www.twitch.tv/videos/2496172769,2025-06-26T04:23:02Z,CIRCUIT ROYAL,3 VOTES,EICHENWALDE,1 VOTE,DORADO,1 VOTE
August,https://www.twitch.tv/videos/2496172769,2025-06-26T04:23:02Z,BLIZZARD WORLD,6 VOTES,NUMBANI,1 VOTE,CIRCUIT ROYAL,0 VOTES
August,https://www.twitch.tv/videos/2496172769,2025-06-26T04:23:02Z,KING'S ROW,8 VOTES,MIDTOWN,1 VOTE,RIALTO,0 VOTES
August,https://www.twitch.tv/videos/2496172769,2025-06-26T04:23:02Z,PARAiso,0 VOTES,WATCHPOINT: GIBRALTAR,4 VOTES,HAVANA,1 VOTE
August,https://www.twitch.tv/videos/2496172769,2025-06-26T04:23:02Z,ESPERANCA,0 VOTES,NEW QUEEN STREET,2 VOTES,SHAMBALI MONASTERY,1 VOTE
August,https://www.twitch.tv/videos/2496172769,2025-06-26T04:23:02Z,RIALTO,4 VOTES,NEW JUNK CITY,3 VOTES,SURAVASA,2 VOTES
August,https://www.twitch.tv/videos/2496172769,2025-06-26T04:23:02Z,JUNKERTOWN,0 VOTES,RIALTO,8 VOTES,COLOSSEO,1 VOTE
August,https://www.twitch.tv/videos/2496172769,2025-06-26T04:23:02Z,AATLIS,2 VOTES,HOLLYWOOD,2 VOTES,SURAVASA,0 VOTES
August,https://www.twitch.tv/videos/2496172769,2025-06-26T04:23:02Z,SURAVASA,3 VOTES,OASIS,2 VOTES,SAMOA,1 VOTE
August,https://www.twitch.tv/videos/2496172769,2025-06-26T04:23:02Z,BUSAN,1 VOTE,WATCHPOINT: GIBRALTAR,6 VOTES,NEW QUEEN STREET,2 VOTES
August,https://www.twitch.tv/videos/2496172769,2025-06-26T04:23:02Z,PARAiso,0 VOTES,SV,2 VOTES,RUNASAPI,8 VOTES
August,https://www.twitch.tv/videos/2496172769,2025-06-26T04:23:02Z,NEW JUNK CITY,7 VOTES,HOLLYWOOD,1 VOTE,JUNKERTOWN,0 VOTES
August,https://www.twitch.tv/videos/2496172769,2025-06-26T04:23:02Z,BUSAN,2 VOTES,ESPERANCA,0 VOTES,MIDTOWN,5 VOTES
August,https://www.twitch.tv/videos/2496172769,2025-06-26T04:23:02Z,NEW QUEEN STREET,2 VOTES,ESPERANCA,2 VOTES,DORADO,4 VOTeS
August,https://www.twitch.tv/videos/2496172769,2025-06-26T04:23:02Z,NEW QUEEN STREET,1 VOTE,OASIS,6 VOTES,SAMOA,2 VOTES
August,https://www.twitch.tv/videos/2496172769,2025-06-26T04:23:02Z,EICHENWALDE,2 VOTES,CIRCUIT ROYAL,3 VOTES,NEW JUNK CITY,2 VOTES
August,https://www.twitch.tv/videos/2497074992,2025-06-27T04:28:31Z,WATCHPOINT: GIBRALTAR,1 VOTE,ROUTE 66,1 VOTE,SAMOA,6 VOTES
August,https://www.twitch.tv/videos/2497074992,2025-06-27T04:28:31Z,BUSAN,1 VOTE,EICHENWALDE,1 VOTE,SHAMBALI MONASTERY,4 VOTES
August,https://www.twitch.tv/videos/2497074992,2025-06-27T04:28:31Z,EICHENWALDE,5 VOTES,AATLS,0vOteS,HAVANA,1 VOTE
August,https://www.twitch.tv/videos/2497074992,2025-06-27T04:28:31Z,NEW QUEEN STREET,1 VOTE,ROUTE 66,7 VOTES,DORADO,0 VOTES
August,https://www.twitch.tv/videos/2497074992,2025-06-27T04:28:31Z,AATLIS,8 VOTES,RIALTO,1 VOTE,WATCHPOINT: GIBRALTAR,1 VOTE
August,https://www.twitch.tv/videos/2497074992,2025-06-27T04:28:31Z,ROUTE 66,5 VOTES,NUMBANI,1 VOTE,AATLIS,2 VOTES
August,https://www.twitch.tv/videos/2497074992,2025-06-27T04:28:31Z,AATLIS,4 VOTES,SURAVASA,5 VOTES,COLOSSEO,0voteS
August,https://www.twitch.tv/videos/2497074992,2025-06-27T04:28:31Z,AATLIS,3 VOTES,SAMOA,0 VOTES,EICHENWALDE,4 VOTES
August,https://www.twitch.tv/videos/2497074992,2025-06-27T04:28:31Z,J0,6 VOTES,JUNKERTOWN,0 VOTES,CIRCUIT ROYAL,0 VOTES
August,https://www.twitch.tv/videos/2497074992,2025-06-27T04:28:31Z,ANTARCTIC PENINSULA,6 VOTES,COLOSSEO,1 VOTE,BUSAN,0 VOTES
August,https://www.twitch.tv/videos/2497074992,2025-06-27T04:28:31Z,AATLIS,1 VOTE,NEPAL,3 VOTES,RIALTO,0voteS
August,https://www.twitch.tv/videos/2497074992,2025-06-27T04:28:31Z,HOLLYWOOD,6 VOTES,NEW JUNK CITY,2 VOTES,HAVANA,0 VOTES
August,https://www.twitch.tv/videos/2497074992,2025-06-27T04:28:31Z,SAMOA,6 VOTES,AATLIS,2 VOTES,ILIOS,1 VOTE
August,https://www.twitch.tv/videos/2497074992,2025-06-27T04:28:31Z,NEPAL,1 VOTE,LIJIANG TOWER,6 VOTES,RUNASAPI,0voteS
August,https://www.twitch.tv/videos/2497074992,2025-06-27T04:28:31Z,WATCHPOINT: GIBRALTAR,1 VOTE,KING'S ROW,6 VOTES,HOLLYWOOD,0 VOTES
August,https://www.twitch.tv/videos/2497074992,2025-06-27T04:28:31Z,SAMOA,2 VOTES,RIALTO,6 VOTES,OASIS,1 VOTE
August,https://www.twitch.tv/videos/2497074992,2025-06-27T04:28:31Z,EICHENWALDE,2 VOTES,MIDToWN,3 VOTES,BLIZZARD WORLD,1 VOTE
August,https://www.twitch.tv/videos/2495269132,2025-06-25T03:59:50Z,NEPAL,2 VOTES,ESPERANCA,4VOTES,OASIS,3 VOTES
August,https://www.twitch.tv/videos/2495269132,2025-06-25T03:59:50Z,SURAVASA,5 VOTES,DORADO,0 VOTES,COLOSSEO,0 VOTES
August,https://www.twitch.tv/videos/2495269132,2025-06-25T03:59:50Z,EICHENWALDE,2 VOTES,MIDTOWN,1 VOTE,RUNASAPI,4 VOTES
August,https://www.twitch.tv/videos/2495269132,2025-06-25T03:59:50Z,ROUTE 66,0 VOTES,KING'S ROW,9 VOTES,NUMBANI,0 VOTES
August,https://www.twitch.tv/videos/2495269132,2025-06-25T03:59:50Z,JUNKERTOWN,0 VOTES,AATLIS,9 VOTES,NEW JUNK CITY,0 VOTES
August,https://www.twitch.tv/videos/2495269132,2025-06-25T03:59:50Z,BLIZZARD WORLD,2 VOTES,ANTARCTIC PENINSULA,1 VOTE,OASIS,5 VOTES
August,https://www.twitch.tv/videos/2495269132,2025-06-25T03:59:50Z,HOLLYWOOD,0voteS,EICHENWALDE,7 VOTES,DORADO,1 VOTE
August,https://www.twitch.tv/videos/2495269132,2025-06-25T03:59:50Z,OASIS,5 VOTES,MIDTOWN,5 VOTES,PARAiSO,0 VOTES
August,https://www.twitch.tv/videos/2495269132,2025-06-25T03:59:50Z,NEPAL,2 VOTES,ESPERANCA,1 VOTE,ILIOS,6 VOTES
August,https://www.twitch.tv/videos/2495269132,2025-06-25T03:59:50Z,"DU""",1 VOTE,COLOSSEO,2 VOTES,RIALTO,6 VOTES
August,https://www.twitch.tv/videos/2495269132,2025-06-25T03:59:50Z,NUMBANI,2 VOTES,NEW JUNK CITY,6 VOTES,EICHENWALDE,1 VOTE
August,https://www.twitch.tv/videos/2495269132,2025-06-25T03:59:50Z,CIRCUIT ROYAL,1 VOTE,HAVANA,2 VOTES,LIJIANG TOWER,6 VOTES
August,https://www.twitch.tv/videos/2495269132,2025-06-25T03:59:50Z,ESPERANCA,9 VOTES,HAVANA,0 VOTES,PARAiso,0 VOTES
August,https://www.twitch.tv/videos/2495269132,2025-06-25T03:59:50Z,4DHOG,,ShJIURN,,MERCY,
August,https://www.twitch.tv/videos/2495269132,2025-06-25T03:59:50Z,WATCHPOINT: GIBRALTAR,3 VOTES,RUNASAPI,6 VOTES,SHAMBALI MONASTERY,0 VOTES
August,https://www.twitch.tv/videos/2495269132,2025-06-25T03:59:50Z,HAVANA,2 VOTES,ILIOS,0 VOTES,SURAVASA,5 VOTES
August,https://www.twitch.tv/videos/2495269132,2025-06-25T03:59:50Z,MIDTOWN,0votes,SAMOA,6 VOTES,AATLIS,3 VOTES
August,https://www.twitch.tv/videos/2495269132,2025-06-25T03:59:50Z,RUNASAPI,8 VOTES,34,0 VOTES,WATCHPOINT: GIBRALTAR,1 VOTE
August,https://www.twitch.tv/videos/2495269132,2025-06-25T03:59:50Z,WATCHPOINT: GIBRALTAR,7 VOTES,DORADO,0vOTES,CIRCUIT ROYAL,3 VOTES
August,https://www.twitch.tv/videos/2495269132,2025-06-25T03:59:50Z,COLOSSEO,1 VOTE,LIJIANG TOWER,9 VOTES,NEW QUEEN STREET,0 VOTES
August,https://www.twitch.tv/videos/2495269132,2025-06-25T03:59:50Z,ROUTE 66,1 VOTE,ESPERANCA,7 VOTES,JUNKERTOWN,0VOTES
August,https://www.twitch.tv/videos/2495269132,2025-06-25T03:59:50Z,NEW QUEEN STREET,7 VOTES,RIALTO,2 VOTES,DORADO,0 VOTES
August,https://www.twitch.tv/videos/2495269132,2025-06-25T03:59:50Z,AATLIS,5 VOTES,BLIZZARD WORLD,4 VOTES,PARAiso,0 VOTES
August,https://www.twitch.tv/videos/2495269132,2025-06-25T03:59:50Z,BUSAN,7 VOTES,PARAiSO,1 VOTE,SHAMBALI MONASTERY,1 VOTE
August,https://www.twitch.tv/videos/2495269132,2025-06-25T03:59:50Z,WATCHPOINT: GIBRALTAR,1 VOTE,RIALTO,7 VOTES,ROUTE 66,0 vOTES
mL7support,https://www.twitch.tv/videos/2497214303,2025-06-27T10:29:32Z,NEW QUEEN STREET,0 VOTES,ILIOS,2 VOTES,BUSAN,4 votes
mL7support,https://www.twitch.tv/videos/2497214303,2025-06-27T10:29:32Z,,,,,,
mL7support,https://www.twitch.tv/videos/2497214303,2025-06-27T10:29:32Z,ESPERANCA,1 VOTE,KING'S ROW,7Votes,AATLIS,1 VOTE
mL7support,https://www.twitch.tv/videos/2497214303,2025-06-27T10:29:32Z,ANTARCTIC PENINSULA,0 VOTES,ROUTE 66,0 VOTES,SURAVASA,7 VOTES
mL7support,https://www.twitch.tv/videos/2497214303,2025-06-27T10:29:32Z,DORADO,VOTES,HAVANA,0 VOTES,KING'S ROW,4 votes
mL7support,https://www.twitch.tv/videos/2497214303,2025-06-27T10:29:32Z,WATCHPOINT: GIBRALTA,1 VOTE,,,,
mL7support,https://www.twitch.tv/videos/2497214303,2025-06-27T10:29:32Z,,,acc,,entory.,indicates
mL7support,https://www.twitch.tv/videos/2497214303,2025-06-27T10:29:32Z,COLOSSEO,0 VOTES,ILIOS,5 VOTES,Ia,2 VOTES
mL7support,https://www.twitch.tv/videos/2497214303,2025-06-27T10:29:32Z,AATLIS,2 VOTES,SURAVASA,6 Votes,WATCHPOINT: GIBRALTnade,0 VOTES
mL7support,https://www.twitch.tv/videos/2497214303,2025-06-27T10:29:32Z,BUSAN,VOTES,MIDTOWN,0 VOTES,EICHENWALDE,3Votes
mL7support,https://www.twitch.tv/videos/2496282054,2025-06-26T09:01:02Z,ROUTE 66,0 VOTES,NEPAL,6 VOTES,Os,0 VOTES
mL7support,https://www.twitch.tv/videos/2496282054,2025-06-26T09:01:02Z,SURAVASA,1 VOTE,RIALTO,9 Votes,ed,0 VOTES
mL7support,https://www.twitch.tv/videos/2496282054,2025-06-26T09:01:02Z,ROUTE 66,2 VOTES,EICHENWALDE,OVOTES,t,4votes
mL7support,https://www.twitch.tv/videos/2496282054,2025-06-26T09:01:02Z,RIALTO,4 Votes,AATLIS,4 VOTES,JUNKERTOWN,1 VOTE
mL7support,https://www.twitch.tv/videos/2496282054,2025-06-26T09:01:02Z,AATLIS,7Votes,NEW JUNK CITY,1 VOTE,BUSAN,0VOTES
mL7support,https://www.twitch.tv/videos/2496282054,2025-06-26T09:01:02Z,BUSAN,2 VOTES,BLIZZARD WORLD,6 Votes,NUMBANI,0voteS
mL7support,https://www.twitch.tv/videos/2496282054,2025-06-26T09:01:02Z,RUNASAPI,5 VOTES,NEW QUEEN STREET,1 VOTE,SHAMBALI MONASTERY,9Votes
mL7support,https://www.twitch.tv/videos/2496282054,2025-06-26T09:01:02Z,LIJIANG TOWER,5 Votes,BLIZZARD WORLD,2 VOTES,NEW JUNK CITY,0 VOTES
mL7support,https://www.twitch.tv/videos/2496282054,2025-06-26T09:01:02Z,Hho6,,Shiiax,,Vnc9,
mL7support,https://www.twitch.tv/videos/2496282054,2025-06-26T09:01:02Z,ANTARCTIC PENINSULA,VOTE,CIRCUIT ROYAL,3Votes,Z5,2 VOTES
mL7support,https://www.twitch.tv/videos/2496282054,2025-06-26T09:01:02Z,DORADO,1 VOTE,ESPERANCA,6Votes,047=,VOTE
mL7support,https://www.twitch.tv/videos/2496282054,2025-06-26T09:01:02Z,RIALTO,1 VOTE,Afl,5 Votes,HAVANA,OVOTES
mL7support,https://www.twitch.tv/videos/2496282054,2025-06-26T09:01:02Z,COLOSSEO,7VoTeS,NEW QUEEN STREET,0VOTES,WATCHPOINT: GIBRALTAR,1 VOTE
mL7support,https://www.twitch.tv/videos/2496282054,2025-06-26T09:01:02Z,RUNASAPI,3 VOTES,AATLIS,2 Votes,UocUJ,1 VOTE
mL7support,https://www.twitch.tv/videos/2496282054,2025-06-26T09:01:02Z,ANTARCTIC PENINSULA,4 Votes,,,Loi,
mL7support,https://www.twitch.tv/videos/2496282054,2025-06-26T09:01:02Z,NEW JUNK CITY,0 VOTES,,,,
mL7support,https://www.twitch.tv/videos/2496282054,2025-06-26T09:01:02Z,RIALTO,1 Vote,ESPERANCA,5 VOTES,CEtdl,0VOTES
mL7support,https://www.twitch.tv/videos/2495516880,2025-06-25T13:54:50Z,EICHENWALDE,7 VOTES,Ha,2 Votes,HANAOKA,1 VOTE
mL7support,https://www.twitch.tv/videos/2495516880,2025-06-25T13:54:50Z,DORADO,1 Vote,AATLIS,OTES,SURAVASA,2 VOTeS
mL7support,https://www.twitch.tv/videos/2495516880,2025-06-25T13:54:50Z,ANTARCTIC PENINSULA,1 VOTE,NEW QUEEN STREET,5votes,BLIZZARD WORLD,3 VoteS
mL7support,https://www.twitch.tv/videos/2495516880,2025-06-25T13:54:50Z,DORADO,1 VOTE,MIDTOWN,OVOTES,ALo,7votes
mL7support,https://www.twitch.tv/videos/2495516880,2025-06-25T13:54:50Z,NUMBANI,5Votes,Bnied,,1,3VOTES
mL7support,https://www.twitch.tv/videos/2495516880,2025-06-25T13:54:50Z,WATCHPOINT: GIBRALTAR,7Votes,NUMBANI,3 VOTES,SAMOA,0vOTeS
mL7support,https://www.twitch.tv/videos/2495516880,2025-06-25T13:54:50Z,NEPAL,4votes,HOLLYWOOD,6 VOTES,ILiOS,0 VOTES
mL7support,https://www.twitch.tv/videos/2495516880,2025-06-25T13:54:50Z,ESPERANCA,5votes,HANAOKA,2 VOTES,MIDTOWN,3 VOTES
mL7support,https://www.twitch.tv/videos/2495449014,2025-06-25T11:42:39Z,CIRCUIT ROYAL,8 VOTES,NEW QUEEN STREET,0 VOTES,Loo,1 VOTE
mL7support,https://www.twitch.tv/videos/2495426837,2025-06-25T10:47:39Z,THRONE OF ANUBIS,3 Votes,RIALTO,5 VOTES,DORADO,3 VOTES
pge4,https://www.twitch.tv/videos/2497649580,2025-06-27T21:32:54Z,RUNASAPI,2 VOTES,AATLIS,6 VOTES,NEW JUNK CITY,0 VOTES
pge4,https://www.twitch.tv/videos/2497649580,2025-06-27T21:32:54Z,RIALTO,7Votes,HAVANA,OVOTES,JUNKERTOWN,1 VOTE
pge4,https://www.twitch.tv/videos/2496681238,2025-06-26T20:03:39Z,RIALTO,7 VOTES,BLIZZARD WORLD,1 VOTE,JUNKERTOWN,0 VOTES
pge4,https://www.twitch.tv/videos/2496681238,2025-06-26T20:03:39Z,ESPERANCA,3 VOTES,ROUTE 66,5 VOTES,OASIS,0 VOTES
Rakattack,https://www.twitch.tv/videos/2497390516,2025-06-27T16:00:10Z,COLOSSEO,O VOTES,AATLIS,1VOTE,HAVANA,5 VoteS
Rakattack,https://www.twitch.tv/videos/2497390516,2025-06-27T16:00:10Z,AATLIS,4VOTES,SAMOA,3 VOTES,ILIOS,2 Votes
Rakattack,https://www.twitch.tv/videos/2497390516,2025-06-27T16:00:10Z,NUMBANI,1 VOTE,SHAMBALI MONASTERY,OvOTeS,ROUTE 66,7votes
Rakattack,https://www.twitch.tv/videos/2497390516,2025-06-27T16:00:10Z,'ARCTIC PENINSULA,4 VOTES,AATLIS,5 Votes,NEW JUNK CITY,0VOTES
Rakattack,https://www.twitch.tv/videos/2497390516,2025-06-27T16:00:10Z,CIRCUIT ROYAL,6Votes,COLOSSEO,3 VOTES,BLIZZARD WORLD,0 VOTES
Rakattack,https://www.twitch.tv/videos/2497390516,2025-06-27T16:00:10Z,IoIn,0 VOTES,MIDTOWN,0 VOTES,NEPAL,8 VoteS
Rakattack,https://www.twitch.tv/videos/2497390516,2025-06-27T16:00:10Z,LIJIANG TOWER,2 VOTES,ROUTE 66,1 VOTE,AATLIS,5 VoteS
6Cyx,https://www.twitch.tv/videos/2497630101,2025-06-27T21:06:24Z,KING'S ROW,0 VOTES,WATCHPOINT: GIBRALTAR,2 VOTES,OASIS,7 VOTES
6Cyx,https://www.twitch.tv/videos/2497630101,2025-06-27T21:06:24Z,JUNKERTOWN,0 VOTES,HOLLYWOOD,3 VOTES,SHAMBALI MONASTERY,5 VOTES
6Cyx,https://www.twitch.tv/videos/2497630101,2025-06-27T21:06:24Z,BLIZZARD WORLD,1 VOTE,EICHENWALDE,3 VOTES,KING'S ROW,5 VOTES
6Cyx,https://www.twitch.tv/videos/2497630101,2025-06-27T21:06:24Z,MIDTOWN,0 VOTES,SHAMBALI MONASTERY,3 VOTES,ILIOS,8 VOTES
6Cyx,https://www.twitch.tv/videos/2497630101,2025-06-27T21:06:24Z,OASIS,10 VOTES,ANTARCTIC PENINSULA,0 VOTES,PARAiso,2 VOTES
6Cyx,https://www.twitch.tv/videos/2495770518,2025-06-25T19:42:05Z,ScrR,,Shahirn,,Vnca,
6Cyx,https://www.twitch.tv/videos/2495770518,2025-06-25T19:42:05Z,MIDTOWN,2 VOTES,JUNKERTOWN,4 VOTES,ROUTE 66,2 VOTES
6Cyx,https://www.twitch.tv/videos/2495770518,2025-06-25T19:42:05Z,ESPERANCA,8 Votes,SURAVASA,VOTE,DORADO,1 VOTE
6Cyx,https://www.twitch.tv/videos/2495770518,2025-06-25T19:42:05Z,SHAMBALI MONASTERY,0 VOTES,LIJIANG TOWER,5 VOTES,COLOSSEO,4voTeS
6Cyx,https://www.twitch.tv/videos/2495770518,2025-06-25T19:42:05Z,EICHENWALDE,4 VOTES,NUMBANI,3 VOTES,ANTARCTIC PENINSULA,1 VOTE
6Cyx,https://www.twitch.tv/videos/2494804229,2025-06-24T18:07:02Z,RIALTO,7 VOTES,BLIZZARD WORLD,1 VOTE,WATCHPOINT: GIBRALTAR,1 VOTE
6Cyx,https://www.twitch.tv/videos/2494804229,2025-06-24T18:07:02Z,OASIS,3 VOTES,MIDTOWN,1 VOTE,ANTARCTIC PENINSULA,4voteS
6Cyx,https://www.twitch.tv/videos/2494804229,2025-06-24T18:07:02Z,NEPAL,3Votes,OASIS,3 VOTES,ILIOS,3 VOTES
6Cyx,https://www.twitch.tv/videos/2494804229,2025-06-24T18:07:02Z,KING'S ROW,8 Votes,OASIS,3 VOTES,EICHENWALDE,1 VOTE
6Cyx,https://www.twitch.tv/videos/2494804229,2025-06-24T18:07:02Z,JUNKERTOWN,0 VOTES,ESPERANCA,6 VOTES,WATCHPOINT: GIBRALTAR,6 Votes
6Cyx,https://www.twitch.tv/videos/2494804229,2025-06-24T18:07:02Z,SHAMBALI MONASTERY,9Votes,MIDTOWN,3 VOTES,CIRCuIt ROYAL,0VOTES
chosen_ow,https://www.twitch.tv/videos/2497034506,2025-06-27T03:22:42Z,CIRCUIT ROYAL,2 VOTES,KING'S ROW,4 Votes,ILIOS,1 VOTE
chosen_ow,https://www.twitch.tv/videos/2497034506,2025-06-27T03:22:42Z,JUNKERTOWN,1 VOTE,AATLIS,6 VOTES,RUNASAPI,9votes
chosen_ow,https://www.twitch.tv/videos/2497034506,2025-06-27T03:22:42Z,ANTARCTIC PENINSULA,2 VOTES,BUSAN,3Votes,AATLIS,4 VOTES
chosen_ow,https://www.twitch.tv/videos/2497034506,2025-06-27T03:22:42Z,AATLIS,3 Votes,HOLLYWOOD,1 VOTe,ANTARCTIC PENINSULA,4 VOTES
chosen_ow,https://www.twitch.tv/videos/2497034506,2025-06-27T03:22:42Z,SURAVASA,2 VOTES,AATLIS,5 Votes,ROUTE 66,2 VOTES
chosen_ow,https://www.twitch.tv/videos/2497034506,2025-06-27T03:22:42Z,NEW JUNK CITy,OVOTES,LIJIANG TOWER,8 VOTES,WATCHPOINT: GIBRALTAR,2 Votes
chosen_ow,https://www.twitch.tv/videos/2497034506,2025-06-27T03:22:42Z,NEPAL,VOTE,NEW QUEEN STREET,3Votes,CIRCUIT ROYAL,1 VOTE
chosen_ow,https://www.twitch.tv/videos/2497034506,2025-06-27T03:22:42Z,SURAVASA,3 Votes,AATLIS,3 VOTES,NEPAL,VDE
chosen_ow,https://www.twitch.tv/videos/2497034506,2025-06-27T03:22:42Z,AATLIS,8 Votes,RIALTO,1 VOTE,WATCHPOINT: GIBRALTAR,1 VOTE
chosen_ow,https://www.twitch.tv/videos/2497034506,2025-06-27T03:22:42Z,NUMBANI,1 VOTE,HAVANA,0VOTeS,MIDTOWN,6Votes
chosen_ow,https://www.twitch.tv/videos/2497034506,2025-06-27T03:22:42Z,ILIOS,8 Votes,AATLIS,1 VOTE,ROUTE 66,1 VOTE
chosen_ow,https://www.twitch.tv/videos/2497034506,2025-06-27T03:22:42Z,NEW JUNK CITY,6 VOTES,EICHENWALDE,6 Votes,HAVANA,0 VOTES
chosen_ow,https://www.twitch.tv/videos/2497034506,2025-06-27T03:22:42Z,ROUTE 66,5 VOTES,NUMBANI,1 Vote,AATLIS,2 VOTES
chosen_ow,https://www.twitch.tv/videos/2497034506,2025-06-27T03:22:42Z,AATLIS,4VOTES,SURAVASA,5 Votes,COLOSSEO,0 VOTES
chosen_ow,https://www.twitch.tv/videos/2497034506,2025-06-27T03:22:42Z,AATLIS,6 Votes,HAVANA,OVOTES,JUNKERTOWN,1 VOTE
chosen_ow,https://www.twitch.tv/videos/2496102005,2025-06-26T02:36:48Z,NEW QUEEN STREET,3Votes,RIALTO,2 VOTES,SHAMBALI MONASTERY,1 VOTE
chosen_ow,https://www.twitch.tv/videos/2496102005,2025-06-26T02:36:48Z,BLIZZARD WORLD,0 VOTES,JUNKERTOWN,1 VOTE,SURAVASA,6 VOTES
chosen_ow,https://www.twitch.tv/videos/2496102005,2025-06-26T02:36:48Z,ROUTE 66,3 VOTES,JUNKERTOWN,3Votes,DORADO,0 VOTES
chosen_ow,https://www.twitch.tv/videos/2496102005,2025-06-26T02:36:48Z,NEPAL,8 Votes,JUNKERTOWN,2 VOTES,BUSAN,0 VOTES
chosen_ow,https://www.twitch.tv/videos/2496102005,2025-06-26T02:36:48Z,SHAMBALI MONASTERY,3 VOTES,COLOSSEO,6Votes,HOLLYWOOD,0 VOTES
chosen_ow,https://www.twitch.tv/videos/2496102005,2025-06-26T02:36:48Z,PARAiSO,OVOTES,OASIS,6 Votes,ROUTE 66,3 VOTES
chosen_ow,https://www.twitch.tv/videos/2496102005,2025-06-26T02:36:48Z,LIJIANG TOWER,9 VOTES,ANTARCTIC PENINSULA,0 VOTES,ILIOS,0 VOTES
chosen_ow,https://www.twitch.tv/videos/2496102005,2025-06-26T02:36:48Z,HOLLYWOOD,6Votes,MIDTOWN,1 VOTE,PARAiSO,1 VOTE
chosen_ow,https://www.twitch.tv/videos/2496102005,2025-06-26T02:36:48Z,NUMBANI,0 VOTES,SHAMBALI MONASTERY,2Votes,NEW QUEEN STREET,4 VOTES
chosen_ow,https://www.twitch.tv/videos/2496102005,2025-06-26T02:36:48Z,RIALTO,4 Votes,RUNASAPI,0 VOTES,ANTARCTIC PENINSULA,4 VOTES
chosen_ow,https://www.twitch.tv/videos/2496102005,2025-06-26T02:36:48Z,SAMOA,5 VoteS,ANTARCTIC PENINSULA,2 VOTES,ROUTE 66,1 VOTE
chosen_ow,https://www.twitch.tv/videos/2496102005,2025-06-26T02:36:48Z,HOLLYWOOD,VotE,WATCHPOINT: GIBRALTAR,2 VOTES,CIRCUIT ROYAL,5 VOTES
chosen_ow,https://www.twitch.tv/videos/2496102005,2025-06-26T02:36:48Z,BUSAN,5 VoTES,DORADO,1 VOTE,ILIOS,2 VOTES
chosen_ow,https://www.twitch.tv/videos/2496102005,2025-06-26T02:36:48Z,ESPERANCA,6Votes,WATCHPOINT: GIBRALTAR,1 VOTE,PARAISO,0VoteS
chosen_ow,https://www.twitch.tv/videos/2496102005,2025-06-26T02:36:48Z,CIRCUIT ROYAL,2 VOTES,EICHENWALDE,2 VOTES,DORADO,2 Votes
chosen_ow,https://www.twitch.tv/videos/2495127693,2025-06-25T00:51:56Z,ILIOS,3 VOTES,NEPAL,3 VOTES,ANTARCTIC PENINSULA,1 VOTE
chosen_ow,https://www.twitch.tv/videos/2495127693,2025-06-25T00:51:56Z,BLIZZARD WORLD,0 VOTES,NEW JUNK CITY,8 VOTES,RIALTO,0 VOTES
chosen_ow,https://www.twitch.tv/videos/2495127693,2025-06-25T00:51:56Z,HAVANA,4 Votes,PARAISO,OVOTES,KING'S ROW,3 VOTES
chosen_ow,https://www.twitch.tv/videos/2495127693,2025-06-25T00:51:56Z,LIJIANG TOWER,9 Votes,BUSAN,0 VOTES,RUNASAPI,0 VOTES
chosen_ow,https://www.twitch.tv/videos/2495127693,2025-06-25T00:51:56Z,CIRCUIT ROYAL,6 Votes,NUMBANI,0 VOTES,HOLLYWOOD,3 VOTES
chosen_ow,https://www.twitch.tv/videos/2495127693,2025-06-25T00:51:56Z,ESPERANCA,AVOTES,EICHENWALDE,2 VOTES,WATCHPOINT: GIBRALTAR,2 Votes
chosen_ow,https://www.twitch.tv/videos/2495127693,2025-06-25T00:51:56Z,OASIS,8 VoTes,NEW QUEEN STREET,1 VOTE,PARAiSO,0 VOTES
chosen_ow,https://www.twitch.tv/videos/2495127693,2025-06-25T00:51:56Z,INTARCTIC PENINSULA,7Votes,SHAMBALI MONASTERY,0VOTES,COLOSSEO,3 VOTeS
chosen_ow,https://www.twitch.tv/videos/2495127693,2025-06-25T00:51:56Z,ROUTE 66,3 VOTES,SURAVASA,4 VOTES,ANTARCTIC PENINSULA,Vote
chosen_ow,https://www.twitch.tv/videos/2495127693,2025-06-25T00:51:56Z,NEW JUNK CITY,0 VOTES,AATLIS,7 VOTES,ESPERANCA,9votes
chosen_ow,https://www.twitch.tv/videos/2495127693,2025-06-25T00:51:56Z,AATLIS,6 Votes,EICHENWALDE,0VOTES,KING'S ROW,3 VOTES
chosen_ow,https://www.twitch.tv/videos/2495127693,2025-06-25T00:51:56Z,ATCHPOINT: GIBRALTAR,0VOTES,ROUTE 66,1 VOTE,SAMOA,9 VoteS
chosen_ow,https://www.twitch.tv/videos/2495127693,2025-06-25T00:51:56Z,SHAMBALI MONASTERY,1 VOTE,NEW JUNK CITY,8 VOTES,RIALTO,0 VOTES
chosen_ow,https://www.twitch.tv/videos/2495127693,2025-06-25T00:51:56Z,KING'S ROW,6 VOTES,MIDTOWN,0 VOTES:,NEW QUEEN STREET,Vote
chosen_ow,https://www.twitch.tv/videos/2495127693,2025-06-25T00:51:56Z,COLOSSEO,8 VoTES,EICHENWALDE,0VOTES,ROUTE 66,2 VOTES
chosen_ow,https://www.twitch.tv/videos/2495127693,2025-06-25T00:51:56Z,SURAVASA,5 VOTES,DORADO,OvOTeS,NEPAL,4votes
chosen_ow,https://www.twitch.tv/videos/2495127693,2025-06-25T00:51:56Z,RUNASAPI,7 VOTES,NUMBANI,2 VOTES,HAVANA,0 VOTES
hadi_ow,https://www.twitch.tv/videos/2496380759,2025-06-26T13:00:47Z,EICHENWALDE,2 VOTES,HOLLYWOOD,3Votes,HAVANA,3 VOTES
hadi_ow,https://www.twitch.tv/videos/2496380759,2025-06-26T13:00:47Z,JUNKERTOWN,1 VOTE,COLOSSEO,2 VOTES,HOLLYWOODI,6VoteS
hadi_ow,https://www.twitch.tv/videos/2496380759,2025-06-26T13:00:47Z,SURAVASA,VOTE,SHAMBALI MONASTERY,1 VOTE,CIRCUIT ROYAL,6Votes
hadi_ow,https://www.twitch.tv/videos/2496380759,2025-06-26T13:00:47Z,RIALTO,3 VOTES,SAMOA,0votes,NEW JUNK City,6Votes
hadi_ow,https://www.twitch.tv/videos/2496380759,2025-06-26T13:00:47Z,NEW QUEEN STREET,0 VOTES,LIJIANG TOWER,4 VOTES,EICHENWALDE,0 VOTES
hadi_ow,https://www.twitch.tv/videos/2496380759,2025-06-26T13:00:47Z,PARAiSO,0 VOTES,KING'S ROW,6 VOTES,BLIZZARD WORLD,Vote
hadi_ow,https://www.twitch.tv/videos/2496380759,2025-06-26T13:00:47Z,OASIS,8 VOTES,DORADO,0 VOTES,HAVANA,0 VOTES
hadi_ow,https://www.twitch.tv/videos/2496380759,2025-06-26T13:00:47Z,NUMBANI,OVOTES,WATCHPOINT: GIBRALTAR,1 VOTE,AATLIS,5VoTES
hadi_ow,https://www.twitch.tv/videos/2496380759,2025-06-26T13:00:47Z,NEPAL,2 VOTES,ESPERANCA,1 VOTE,LIJIANG TOWER,6 VoTeS
hadi_ow,https://www.twitch.tv/videos/2496380759,2025-06-26T13:00:47Z,2ho6,,ShiniAx,,Voca,
hadi_ow,https://www.twitch.tv/videos/2496380759,2025-06-26T13:00:47Z,MIDTOWN,0 VOTES,92,0votes,COLOSSEO,7 VOTES
hadi_ow,https://www.twitch.tv/videos/2496380759,2025-06-26T13:00:47Z,BLIZZARD WORLD,4 VOTES,ESPERANCA,OVOTES,NeW QUEEN STREET,Votb
hadi_ow,https://www.twitch.tv/videos/2496380759,2025-06-26T13:00:47Z,NEW JUNK CItY,6Votes,JUNKERTOWN,VOTE,SHAMBALI MONASTERY,0vOtES
hadi_ow,https://www.twitch.tv/videos/2496380759,2025-06-26T13:00:47Z,AATLIS,2 VOTES,RUNASAPI,6 VOTES,OASIS,Vote
hadi_ow,https://www.twitch.tv/videos/2496380759,2025-06-26T13:00:47Z,20ho6,,Shiniax,,Vca,
hadi_ow,https://www.twitch.tv/videos/2496380759,2025-06-26T13:00:47Z,SURAVASA,8 Votes,ROUTE 66,1 VOTE,NEW QUEEN STREET,0VOTES
hadi_ow,https://www.twitch.tv/videos/2496380759,2025-06-26T13:00:47Z,JUNKERTOWN,0 VOTES,DORADO,0Votes,KING'S ROW,5 VOTES
hadi_ow,https://www.twitch.tv/videos/2496380759,2025-06-26T13:00:47Z,SiRA,,Shinirn,,Vnin,
hadi_ow,https://www.twitch.tv/videos/2496380759,2025-06-26T13:00:47Z,NEPAL,8 VotES,NEW QUEEN STREET,0VOTES,MIDTOWN,1 VOTE
hadi_ow,https://www.twitch.tv/videos/2496380759,2025-06-26T13:00:47Z,HAVANA,1 VOTE,OASIS,avoTeS,AATLIS,3 VOTES
hadi_ow,https://www.twitch.tv/videos/2496380759,2025-06-26T13:00:47Z,SAMOA,7Votes,AATLIS,1 VOTE,JUNKERTOWN,OVVOTES
hadi_ow,https://www.twitch.tv/videos/2496380759,2025-06-26T13:00:47Z,EICHENWALDE,5VoteS,HOLLYWOOD,OVOTES,BLIZZARD WORLD,3 VOTeS
hadi_ow,https://www.twitch.tv/videos/2495357951,2025-06-25T07:17:52Z,ROUTE 66,VOTE,NEW JUNK City,6 Votes,RIALTO,1 VOTE
hadi_ow,https://www.twitch.tv/videos/2495357951,2025-06-25T07:17:52Z,BUSAN,5 VOTES,MIDTOWN,1 VOTE,SHAMBALI MONASTERY,3voteS
hadi_ow,https://www.twitch.tv/videos/2495357951,2025-06-25T07:17:52Z,JUNKERTOWN,2 VOTES,NUMBANI,2 VOTES,HOLLYWOODI,5 VoTeS
hadi_ow,https://www.twitch.tv/videos/2495357951,2025-06-25T07:17:52Z,AATLIS,3 VOTES,HAVANA,3Votes,CIRCUIT ROYAL,2 VOTES
hadi_ow,https://www.twitch.tv/videos/2495357951,2025-06-25T07:17:52Z,CIRCUIT ROYAL,2 VOTES,COLOSSEO,0 VOTES,OASIS,7voteS
hadi_ow,https://www.twitch.tv/videos/2495357951,2025-06-25T07:17:52Z,ILIOS,VOTE,NEPAL,avoTeS,SURAVASA,3 VOTeS
hadi_ow,https://www.twitch.tv/videos/2495357951,2025-06-25T07:17:52Z,DORADO,2 VOTES,SURAVASA,VOTE,WATCHPOINT: GIBRALTAR,6 Votes
hadi_ow,https://www.twitch.tv/videos/2495357951,2025-06-25T07:17:52Z,EICHENWALDE,3 VOTES,RUNASAPI,3Votes,ANTARCTIC PENINSULA,2 VOTES
hadi_ow,https://www.twitch.tv/videos/2495357951,2025-06-25T07:17:52Z,COLOSSEO,3 VOTES,NEW QUEEN STREET,2 VOTES,MIDTOWN,3voteS
hadi_ow,https://www.twitch.tv/videos/2495357951,2025-06-25T07:17:52Z,OASIS,3 Votes,RIALTO,5 VOTES,SAMOA,2 VOTeS
hadi_ow,https://www.twitch.tv/videos/2495357951,2025-06-25T07:17:52Z,ILIOS,3 VOTES,RIALTO,5votes,WATCHPOINT: GIBRALTAR,2 VOTES
hadi_ow,https://www.twitch.tv/videos/2495357951,2025-06-25T07:17:52Z,ANTARCTIC PENINSULA,2 Votes,LIJIANG TOWER,0 VOTES,NUMBANI,1 VOTE
hadi_ow,https://www.twitch.tv/videos/2495357951,2025-06-25T07:17:52Z,,,Shvara,,,
hadi_ow,https://www.twitch.tv/videos/2495357951,2025-06-25T07:17:52Z,DORADO,OVOTES,ILIOS,5 VOTES,NEPAL,3votes
hadi_ow,https://www.twitch.tv/videos/2495357951,2025-06-25T07:17:52Z,ROUTE 66,9 Votes,ESPERANCA,OVOTES,AATLIS,7 VOTES
hadi_ow,https://www.twitch.tv/videos/2495357951,2025-06-25T07:17:52Z,DORADO,1 VOTE,CIRCUIT ROYAL,3Votes,NEW QUEEN STREET,5 VOTES
hadi_ow,https://www.twitch.tv/videos/2495357951,2025-06-25T07:17:52Z,RIALTO,2 VOTES,NEW QUEEN STREET,3Votes,EICHENWALDE,5 VOTES
hadi_ow,https://www.twitch.tv/videos/2495357951,2025-06-25T07:17:52Z,2ho6,,ShiniRx,,Voca,
hadi_ow,https://www.twitch.tv/videos/2495357951,2025-06-25T07:17:52Z,COLOSSEO,n qpiedte,ESPERANCA,4 VOTES,DORADO,3 VOTES
hadi_ow,https://www.twitch.tv/videos/2495357951,2025-06-25T07:17:52Z,AATLIS,6Votes,PARAiSO,0 VOTES:,ILIOS,3 VOTES
hadi_ow,https://www.twitch.tv/videos/2495357951,2025-06-25T07:17:52Z,SnkA,,ShMQIPM,,Vnin,
hadi_ow,https://www.twitch.tv/videos/2495357951,2025-06-25T07:17:52Z,ILIOS,4 VOTES,EICHENWALDE,2 VOTES,JUNKERTOWN,Vote
hadi_ow,https://www.twitch.tv/videos/2495357951,2025-06-25T07:17:52Z,ROUTE 66,1 VOTE,MIDTOWN,7 VOTES,SAMOA,1 VOTE
hadi_ow,https://www.twitch.tv/videos/2495357951,2025-06-25T07:17:52Z,BLIZZARD WORLD,3 VOTES,AATLIS,5voTes,NEW QUEEN STREET,OIVOTES
hadi_ow,https://www.twitch.tv/videos/2495357951,2025-06-25T07:17:52Z,SURAVASA,7Votes,NEW JUNK CITY,0 VOTES:,PARAiSO,1 VOTE
hadi_ow,https://www.twitch.tv/videos/2495357951,2025-06-25T07:17:52Z,SHAMBALI MONASTERY,5 VOTES,HAVANA,0 VOTES,RIALTO,3 VOTES
hadi_ow,https://www.twitch.tv/videos/2495357951,2025-06-25T07:17:52Z,LIJIANG TOWER,AVOTES,ANTARCTIC PENINSULA,O VOTES,ILIOS,3Votes
hadi_ow,https://www.twitch.tv/videos/2495357951,2025-06-25T07:17:52Z,HOLLYWOOD,0 VOTES,EICHENWALDE,4VoTeS,AATLIS,6 VOTES
hadi_ow,https://www.twitch.tv/videos/2495357951,2025-06-25T07:17:52Z,PARAiSO,0 VOTES,LIJIANG TOWER,9 VOtES,HAVANA,0 VOTES
hadi_ow,https://www.twitch.tv/videos/2495357951,2025-06-25T07:17:52Z,20hO6,,ShiniAx,,KRc',
hadi_ow,https://www.twitch.tv/videos/2495357951,2025-06-25T07:17:52Z,ESPERANCA,8 VOTES,HOLLYWOOD,0 VOTES,NEW JUNK CITY,1 VOTE
hadi_ow,https://www.twitch.tv/videos/2495357951,2025-06-25T07:17:52Z,OASIS,4 Votes,PARAISO,2 VOTES,BLIZZARD WORLD,1 VOTE
hadi_ow,https://www.twitch.tv/videos/2495357951,2025-06-25T07:17:52Z,RIALTO,5 VOTES,NUMBANI,0VOTES,MIDTOWN,3VoteS
hadi_ow,https://www.twitch.tv/videos/2495357951,2025-06-25T07:17:52Z,,,,,,
hadi_ow,https://www.twitch.tv/videos/2495357951,2025-06-25T07:17:52Z,BUSAN,2 VOTES,HOLLYWOOD,5 VOTES,BLIZZARD WORLD,3VoteS
hadi_ow,https://www.twitch.tv/videos/2495357951,2025-06-25T07:17:52Z,SISR,,ShinIhAM,,,
kraandop,https://www.twitch.tv/videos/2497284915,2025-06-27T13:02:17Z,,5 VoteS,ROUTE 66,0VOTES,EICHENWALDE,3 VOTES
kraandop,https://www.twitch.tv/videos/2497284915,2025-06-27T13:02:17Z,NUMBANI,1 VOTE,SAMOA,6 VoteS,ANTARCTIC PENINSULA,1 VOTE
kraandop,https://www.twitch.tv/videos/2497284915,2025-06-27T13:02:17Z,ILIOS,7 VOTES,EICHENWALDE,0 VOTES,KING'S ROW,2 VOTES
kraandop,https://www.twitch.tv/videos/2497284915,2025-06-27T13:02:17Z,RIALTO,6 VOTES,JUNKERTOWN,0 VOTES,EICHENWALDE,2 VOTES
kraandop,https://www.twitch.tv/videos/2497284915,2025-06-27T13:02:17Z,HOLLYWOOD,5 VOTES,PARAISO,0VOTeS,AATLIS,2 Votes
kraandop,https://www.twitch.tv/videos/2497284915,2025-06-27T13:02:17Z,DORADO,3 Votes,ROUTE 66,0VOTES,SHAMBALI MONASTERY,2 VOTES
kraandop,https://www.twitch.tv/videos/2497284915,2025-06-27T13:02:17Z,COLOSSEO,8 VoTES,BUSAN,0VOTES,RUNASAPI,VOTE
kraandop,https://www.twitch.tv/videos/2497284915,2025-06-27T13:02:17Z,AATLIS,6 VOTES,HAVANA,1 VOTE,elal,0 VOTES
kraandop,https://www.twitch.tv/videos/2497284915,2025-06-27T13:02:17Z,EICHENWALDE,6 Votes,BUSAN,1 VOTE,BLIZZARD WORLD,1 VOTE
kraandop,https://www.twitch.tv/videos/2497284915,2025-06-27T13:02:17Z,AATLIS,1 VOTE,RUNASAPI,4votes,ANTARCTIC PENINSULA,0 VOTES
kraandop,https://www.twitch.tv/videos/2497284915,2025-06-27T13:02:17Z,MIDTOWN,2 VOTES,BLIZZARD WORLD,1 VOTE,WATCHPOINT: GIBRALTAR,3VOTEs
kraandop,https://www.twitch.tv/videos/2497284915,2025-06-27T13:02:17Z,ESPERANCA,2 VOTES,AATLIS,0 VOTES,SHAMBALI MONASTERY,0 VOTES
kraandop,https://www.twitch.tv/videos/2496375190,2025-06-26T12:51:25Z,KING'S ROW,7Votes,BLIZZARD WORLD,0 VOTES,LIOS,2 VOTES
kraandop,https://www.twitch.tv/videos/2496375190,2025-06-26T12:51:25Z,AATLIS,2 VOTES,RUNASAPI,1Vote,CIRCUIT ROYAL,3 VOTES
kraandop,https://www.twitch.tv/videos/2496375190,2025-06-26T12:51:25Z,BLIZZARD WORLD,0 VOTES,RIALTO,8 VoteS,DORADO,1 VOTE
kraandop,https://www.twitch.tv/videos/2496375190,2025-06-26T12:51:25Z,HhO6,,Shinihax,,"VRC""",
kraandop,https://www.twitch.tv/videos/2496375190,2025-06-26T12:51:25Z,SHAMBALI MONASTERY,3 VOTES,MIDTOWN,1 VOTE,ILIOS,5votes
kraandop,https://www.twitch.tv/videos/2496375190,2025-06-26T12:51:25Z,NUMBANI,1 VOTE,NEPAL,5votes,ESPERANCA,2 VOTES
kraandop,https://www.twitch.tv/videos/2496375190,2025-06-26T12:51:25Z,RIALTO,1 VOTE,HAVANA,0 VOTES,ESPERANCA,7votes
kraandop,https://www.twitch.tv/videos/2496375190,2025-06-26T12:51:25Z,OASIS,0 VOTES,BUSAN,0 VOTES,SAMOA,7 VOTES
kraandop,https://www.twitch.tv/videos/2496375190,2025-06-26T12:51:25Z,NUMBANI,2 VOTES,COLOSSEO,7VoTes,MIDTOWN,0 VOTES
kraandop,https://www.twitch.tv/videos/2496375190,2025-06-26T12:51:25Z,BUSAN,0 VOTeS,NEW JUNK City,4 VoTes,LIOS,IVOTE
kraandop,https://www.twitch.tv/videos/2496375190,2025-06-26T12:51:25Z,HOLLYWOOD,1 VOTE,MIDTOWN,3 VOTES,919,1 VOTE
kraandop,https://www.twitch.tv/videos/2496375190,2025-06-26T12:51:25Z,ANTARCTIC PENINSULA,0 VoteS,SURAVASA,6 Votes,HAVANA,1 VOTE
kraandop,https://www.twitch.tv/videos/2496375190,2025-06-26T12:51:25Z,NEW QUEEN STREET,6 VOTES,DORADO,2 VOTES,HAVANA,1 VOTE
kraandop,https://www.twitch.tv/videos/2495478982,2025-06-25T12:43:24Z,RIALTO,0 VOTES,NEPAL,7Votes,WATCHPOINT: GIBRALTAR,2 VOTeS
kraandop,https://www.twitch.tv/videos/2495478982,2025-06-25T12:43:24Z,DORADO,1 VOTE,NEW JUNK CITY,7 VOTES,EICHENWALDE,1 VOTE
kraandop,https://www.twitch.tv/videos/2495478982,2025-06-25T12:43:24Z,HAVANA,3 VOTES,PARAiSo,0 VOTES,ROUTE 66,3 VOTES
kraandop,https://www.twitch.tv/videos/2495478982,2025-06-25T12:43:24Z,NEW QUEEN STREET,2 VOTES,BLIZZARD WORLD,VOTE,SURAVASA,6 Votes
kraandop,https://www.twitch.tv/videos/2495478982,2025-06-25T12:43:24Z,ILIOS,4 VOTES,EICHENWALDE,2 VOTES,JUNKERTOWN,Vote
kraandop,https://www.twitch.tv/videos/2495478982,2025-06-25T12:43:24Z,BUSAN,0 VOTES,NUMBANI,5votes,OASIS,5 VOTeS
kraandop,https://www.twitch.tv/videos/2495478982,2025-06-25T12:43:24Z,SAMOA,3 VOTES,KING'S ROW,4 Votes,RIALTO,1 VOTE
kraandop,https://www.twitch.tv/videos/2495478982,2025-06-25T12:43:24Z,HOLLYWOOD,1 VOTE,NEPAL,7 VOTES,SHAMBALI MONASTERY,1 VOTE
kraandop,https://www.twitch.tv/videos/2495478982,2025-06-25T12:43:24Z,DORADO,1 VOTE,NEW QUEEN STREET,7Votes,NUMBANI,1 VOTE
kraandop,https://www.twitch.tv/videos/2495478982,2025-06-25T12:43:24Z,CIRCUIT ROYAL,8 Votes,NEW QUEEN STREET,2 VOTES,ROUTE 66,0 VoteS
kraandop,https://www.twitch.tv/videos/2495478982,2025-06-25T12:43:24Z,COLOSSEO,VOTE,NUMBANI,3 VOTES,ANTARCTIC PENINSULA,3 VOTES
kraandop,https://www.twitch.tv/videos/2495478982,2025-06-25T12:43:24Z,HhOS,,Shiihax,,Nn39,
kraandop,https://www.twitch.tv/videos/2495478982,2025-06-25T12:43:24Z,ILIOS,5 VOTES,NEW JUNK CITY,1 VOTE,OASIS,4votes
kraandop,https://www.twitch.tv/videos/2495478982,2025-06-25T12:43:24Z,BLIZZARD WORLD,0 VOTES,AATLIS,5 Votes,LIJIANG TOWER,4 VOTES
mL7support,https://www.twitch.tv/videos/2494596770,2025-06-24T12:12:12Z,A,A,A,A,A,A
pge4,https://www.twitch.tv/videos/2495880844,2025-06-25T22:07:06Z,ESPERANCA,0 VOTES,ILIOS,7 VOTES,HAVANA,2 VOTES
pge4,https://www.twitch.tv/videos/2495880844,2025-06-25T22:07:06Z,DORADO,1 VOTE,JUNKERTOWN,0 VOTES,RUNASAPI,7 VOTES
pge4,https://www.twitch.tv/videos/2495880844,2025-06-25T22:07:06Z,,,Suuyrr,,,
pge4,https://www.twitch.tv/videos/2495880844,2025-06-25T22:07:06Z,KING'S ROW,3 VOTES,BLIZZARD WORLD,0 VOTES,NEPAL,4 VOTES
pge4,https://www.twitch.tv/videos/2495880844,2025-06-25T22:07:06Z,ESPERANCA,0 VOTES,AATLIS,9 VOTES,NUMBANI,0 VOTES
pge4,https://www.twitch.tv/videos/2495880844,2025-06-25T22:07:06Z,CIRCUIT ROYAL,3 VOTES,BLIZZARD WORLD,2 VOTES,DORADO,2 VOTES
pge4,https://www.twitch.tv/videos/2495880844,2025-06-25T22:07:06Z,HOLLYWOOD,2 VOTES,COLOSSEO,3 VOTES,NUMBANI,0 VOTES
pge4,https://www.twitch.tv/videos/2495880844,2025-06-25T22:07:06Z,SAMOA,6 VOTES,BLIZZARD WORLD,0 VOTES,PARAiso,1 VOTE
pge4,https://www.twitch.tv/videos/2495880844,2025-06-25T22:07:06Z,RIALTO,1 VOTE,ROUTE 66,1 VOTE,EICHENWALDE,7 VOTES
pge4,https://www.twitch.tv/videos/2495880844,2025-06-25T22:07:06Z,OASIS,1 VOTE,ANTARCTIC PENINSULA,0 VOTES,ILIOS,4 VOTES
pge4,https://www.twitch.tv/videos/2495880844,2025-06-25T22:07:06Z,BLIZZARD WORLD,1 VOTE,WATCHPOINT: GIBRALTAR,3 VOTES,BUSAN,0 VOTES
pge4,https://www.twitch.tv/videos/2495880844,2025-06-25T22:07:06Z,EICHENWALDE,0 VOTES,COLOSSEO,1 VOTE,SURAVASA,4 VOTES
pge4,https://www.twitch.tv/videos/2495880844,2025-06-25T22:07:06Z,MIDTOWN,1 VOTE,LIJIANG TOWER,6 VOTES,SURAVASA,1 VOTE
pge4,https://www.twitch.tv/videos/2494320931,2025-06-26T12:12:12Z,A,A,A,A,A,A
pge4,https://www.twitch.tv/videos/2496217309,2025-06-24T12:12:12Z,A,A,A,A,A,A
durpee82,https://www.twitch.tv/videos/2495886386,2025-06-25T22:14:23Z,DORADO,0 VOTES,AATLIS,3 VOTES,COLOSSEO,7 VOTES
durpee82,https://www.twitch.tv/videos/2495886386,2025-06-25T22:14:23Z,MIDTOWN,1 VOTE,RIALTO,7 VOTES,HAVANA,0 VOTES
durpee82,https://www.twitch.tv/videos/2495886386,2025-06-25T22:14:23Z,RUNASAPI,2 VOTES,ILIOS,5 VOTES,eal,0 VOTES
durpee82,https://www.twitch.tv/videos/2495886386,2025-06-25T22:14:23Z,NEW JUNK CITy,0 VOTES,SHAMBALI MONASTERY,0 VOTES,ROUTE 66,0VOTeS
durpee82,https://www.twitch.tv/videos/2495886386,2025-06-25T22:14:23Z,NUMBANI,0 VOTES,KING'S ROW,Votes,JUNKERTOWN,0 VOTES
durpee82,https://www.twitch.tv/videos/2495886386,2025-06-25T22:14:23Z,BLIZZARD WORLD,0 VOTES,AATLIS,5 VOTES,LIJIANG TOWER,1 VOTE
durpee82,https://www.twitch.tv/videos/2495886386,2025-06-25T22:14:23Z,PARAiSo,0 VOTES,ILIOS,5 VOTES,NUMBANI,1 VOTE
durpee82,https://www.twitch.tv/videos/2495886386,2025-06-25T22:14:23Z,WATCHPOINT: GIBRALTAR,0 VOTES,ROUTE 66,7 VOTES,MIDTOWN,0 VOTES
durpee82,https://www.twitch.tv/videos/2495886386,2025-06-25T22:14:23Z,ANTARCTIC PENINSULA,4 VOTES,PARAISO,2 VOTES,EICHENWALDE,VOTE
durpee82,https://www.twitch.tv/videos/2495886386,2025-06-25T22:14:23Z,LIJIANG TOWER,9 VOTES,WATCHPOINT: GIBRALTAR,0 VOTES,EICHENWALDE,O VOTES
durpee82,https://www.twitch.tv/videos/2495886386,2025-06-25T22:14:23Z,PARAiSo,0 VOTES,ESPERANCA,6 VOTES,SHAMBALI MONASTERY,1 VOTE
durpee82,https://www.twitch.tv/videos/2495886386,2025-06-25T22:14:23Z,SHAMBALI MONASTERY,1 VOTE,JUNKERTOWN,0 VOTES,ESPERANCA,7 VOTES
durpee82,https://www.twitch.tv/videos/2495886386,2025-06-25T22:14:23Z,ILIOS,VOTE,LIJIANG TOWER,7 VOTES,NEW JUNK CITY,0 VOTES
durpee82,https://www.twitch.tv/videos/2495886386,2025-06-25T22:14:23Z,ESPERANCA,6 VOTES,HAVANA,2 VOTES,NUMBANI,0 VOTES
PLAYTO_ow,https://www.twitch.tv/videos/2495193032,2025-06-25T02:09:54Z,HOLLYWOOD,3 VOTES,AATLIS,3 VOTES,MIDTOWN,0 VOTES
PLAYTO_ow,https://www.twitch.tv/videos/2495193032,2025-06-25T02:09:54Z,COLOSSEO,5 VOTES,JUNKERTOWN,1 VOTE,CIRCUIT ROYAL,3 VOTES
PLAYTO_ow,https://www.twitch.tv/videos/2495193032,2025-06-25T02:09:54Z,NEPAL,2 VOTES,ESPERANCA,4 VOTES,OASIS,3 VOTES
PLAYTO_ow,https://www.twitch.tv/videos/2495193032,2025-06-25T02:09:54Z,SURAVASA,5 VOTES,DORADO,0 VOTES,COLOSSEO,0 VOTES
PLAYTO_ow,https://www.twitch.tv/videos/2495193032,2025-06-25T02:09:54Z,EICHENWALDE,2 VOTES,MIDTOWN,1 VOTE,RUNASAPI,4 VOTES
PLAYTO_ow,https://www.twitch.tv/videos/2495193032,2025-06-25T02:09:54Z,BLIZZARD WORLD,2 VOTES,ANTARCTIC PENINSULA,1 VOTE,OASIS,5 VOTES
PLAYTO_ow,https://www.twitch.tv/videos/2495193032,2025-06-25T02:09:54Z,HOLLYWOOD,0 VOTES,EICHENWALDE,7 VOTES,DORADO,1 VOTE
PLAYTO_ow,https://www.twitch.tv/videos/2495193032,2025-06-25T02:09:54Z,OASIS,5 VOTES,MIDTOWN,5 VOTES,PARAiso,0 VOTES
PLAYTO_ow,https://www.twitch.tv/videos/2495193032,2025-06-25T02:09:54Z,NEPAL,2 VOTES,ESPERANCA,1 VOTE,ILIOS,6 VOTES
PLAYTO_ow,https://www.twitch.tv/videos/2495193032,2025-06-25T02:09:54Z,CIRCUIT ROYAL,1 VOTE,HAVANA,2 VOTES,LIJIANG TOWER,6 VOTES
PLAYTO_ow,https://www.twitch.tv/videos/2495193032,2025-06-25T02:09:54Z,NEW QUEEN STREET,3 VOTES,COLOSSEO,4 VOTES,eal,0 VOTES
PLAYTO_ow,https://www.twitch.tv/videos/2495193032,2025-06-25T02:09:54Z,NEW JUNK CITY,7 VOTES,AATLIS,2 VOTES,JUNKERTOWN,0 VOTES
PLAYTO_ow,https://www.twitch.tv/videos/2495193032,2025-06-25T02:09:54Z,HOLLYWOOD,0 VOTES,BLIZZARD WORLD,VOTE,KING'S ROW,6 VOTES
PLAYTO_ow,https://www.twitch.tv/videos/2495193032,2025-06-25T02:09:54Z,WATCHPOINT: GIBRALTAR,3 VOTES,RUNASKPI,6 VOTES,SHAMBALI MONASTERY,0 VOTES
PLAYTO_ow,https://www.twitch.tv/videos/2495193032,2025-06-25T02:09:54Z,HAVANA,2 VOTES,ILIOS,0 VOTES,SURAVASA,5 VOTES
LhCloudy27,https://www.twitch.tv/videos/2495629767,2025-06-25T16:53:13Z,SURAVASA,3 VOTES,HAVANA,4 VOTES,WATCHPOINT: GIBRALTAR,0 VOTES
LhCloudy27,https://www.twitch.tv/videos/2495629767,2025-06-25T16:53:13Z,NUMBANI,1 VOTE,JUNKERTOWN,4 VOTES,ANTARCTIC PENINSULA,4 VOTES
LhCloudy27,https://www.twitch.tv/videos/2495629767,2025-06-25T16:53:13Z,RUNASAPI,1 VOTE,NEPAL,4 VOTES,SHAMBALI MONASTERY,2 VOTES
LhCloudy27,https://www.twitch.tv/videos/2495629767,2025-06-25T16:53:13Z,MIDTOWN,0 VOTES,SURAVASA,8 VOTES,NEW JUNK CITY,1 VOTE
LhCloudy27,https://www.twitch.tv/videos/2495629767,2025-06-25T16:53:13Z,SAMOA,7 VOTES,SHAMBALI MONASTERY,1 VOTE,DORADO,1 VOTE
LhCloudy27,https://www.twitch.tv/videos/2495629767,2025-06-25T16:53:13Z,PARAiSo,0 VOTES,KING'S ROW,7 VOTES,EICHENWALDE,2 VOTES
LhCloudy27,https://www.twitch.tv/videos/2495629767,2025-06-25T16:53:13Z,SAMOA,2 VOTES,ROUTE 66,0 VOTES,RIALTO,4 VOTES
LhCloudy27,https://www.twitch.tv/videos/2495629767,2025-06-25T16:53:13Z,OASIS,3 VOTES,NUMBANI,2 VOTES,HOLLYWOOD,4 VOTES
LhCloudy27,https://www.twitch.tv/videos/2495629767,2025-06-25T16:53:13Z,ESPERANCA,5 VOTES,RUNASAPI,1 VOTE,COLOSSEO,2 VOTES
LhCloudy27,https://www.twitch.tv/videos/2495629767,2025-06-25T16:53:13Z,CIRCUIT ROYAL,4 VOTES,LIJIANG TOWER,3 VOTES,ROUTE 66,0 VOTES
LhCloudy27,https://www.twitch.tv/videos/2495629767,2025-06-25T16:53:13Z,NEW QUEEN STREET,0 VOTES,SURAVASA,2 VOTES,AATLIS,5 VOTES
ZBRA,https://www.twitch.tv/videos/2495749909,2025-06-25T19:18:18Z,NUMBANI,1 VOTE,BUSAN,9 Votes,lal,0 VOTES
ZBRA,https://www.twitch.tv/videos/2495749909,2025-06-25T19:18:18Z,HOLLYWOOD,2 Votes,KING'S ROW,8 VOTES,NEPAL,0 VOTES
ZBRA,https://www.twitch.tv/videos/2495749909,2025-06-25T19:18:18Z,ROUTE 66,0 VOTES,NEW JUNK CITY,8 VOTES,ESPERANCA,1 VOTE
ZBRA,https://www.twitch.tv/videos/2495749909,2025-06-25T19:18:18Z,RIALTO,3 VOTES,BLIZZARD WORLD,1 VOTE,WATCHPOINT: GIBRALTAR,3 VOTES
ZBRA,https://www.twitch.tv/videos/2495749909,2025-06-25T19:18:18Z,28h86,,Shruatu,,Voruon,
ZBRA,https://www.twitch.tv/videos/2495749909,2025-06-25T19:18:18Z,ESPERANCA,3 VOTES,KING'S ROW,4 VOTES,SHAMBALI MONASTERY,0 VOTES
ZBRA,https://www.twitch.tv/videos/2495617002,2025-06-25T16:34:52Z,NEW QUEEN STREET,4 VOTES,JUNKERTOWN,3 VOTES,RUNASAPI,2 VOTES
cartifan22_,https://www.twitch.tv/videos/2495218471,2025-06-25T02:44:11Z,SHAMBALI MONASTERY,3 Votes,SAMOA,5 VOTES,RIALTO,0 VOTES
cartifan22_,https://www.twitch.tv/videos/2495218471,2025-06-25T02:44:11Z,DORADO,7 VOTES,RIALTO,0 VOTES,CIRCUIT ROYAL,2 VOTES
cartifan22_,https://www.twitch.tv/videos/2495218471,2025-06-25T02:44:11Z,WATCHPOINT: GIBRALTAR,4 VOTES,PARAiSO,2 VOTES,BLIZZARD WORLD,3 VOTES
cartifan22_,https://www.twitch.tv/videos/2495218471,2025-06-25T02:44:11Z,CIRCUIT ROYAL,8 VOTES,NUMBANI,1 VOTE,HAVANA,0 VOTES
cartifan22_,https://www.twitch.tv/videos/2495218471,2025-06-25T02:44:11Z,BUSAN,2 VOTES,NEW JUNK CITY,2 VOTES,HOLLYWOOD,3 VOTES
cartifan22_,https://www.twitch.tv/videos/2495218471,2025-06-25T02:44:11Z,EICHENWALDE,2 VOTES,MIDTOWN,1 VOTE,RUNASAPI,4 VOTES
cartifan22_,https://www.twitch.tv/videos/2495218471,2025-06-25T02:44:11Z,NEPAL,1 VOTE,KING'S ROW,2 VOTES,AATLIS,4 Votes
Yeatle,https://www.twitch.tv/videos/2495593209,2025-06-25T16:00:52Z,ESPERANCA,4 VOTES,NEW QUEEN STREET,VOTE,DORADO,4 VoteS
Yeatle,https://www.twitch.tv/videos/2495593209,2025-06-25T16:00:52Z,WATCHPOINT: GIBRALTAR,3 VOTES,NEW JUNK City,0 VOTES,LIJIANG TOWER,4 VOTES
Yeatle,https://www.twitch.tv/videos/2495593209,2025-06-25T16:00:52Z,NEW QUEEN STREET,0 VOTES,SURAVASA,1 VOTE,LIJIANG TOWER,7 VoteS
Yeatle,https://www.twitch.tv/videos/2495593209,2025-06-25T16:00:52Z,HAVANA,2 VOTES,ILIOS,7 VOTES,ESPERANCA,0 VOTES
Yeatle,https://www.twitch.tv/videos/2495593209,2025-06-25T16:00:52Z,WATCHPOINT: GIBRALTAR,4 VOTES,RIALTO,2 VOTES,JUNKERTOWN,0 VOTES
Yeatle,https://www.twitch.tv/videos/2495593209,2025-06-25T16:00:52Z,ANTARCTIC PENINSULA,1 VOTE,NEW JUNK City,4 VOTES,BUSAN,2 VOTES
Yeatle,https://www.twitch.tv/videos/2495593209,2025-06-25T16:00:52Z,RUNASAPI,2 VOTES,ILIOS,5 VOTES,PARAISO,0 VOTES
hiimsky,https://www.twitch.tv/videos/2495901393,2025-06-25T22:34:37Z,ESPERANCA,1 Vote,OASIS,9 VotES,NEPAL,0 VOTES
hiimsky,https://www.twitch.tv/videos/2495901393,2025-06-25T22:34:37Z,ROUTE 66,3 VOTES,CIRCUIt ROYAL,0 VOTES,NEPAL,9 VotES
hiimsky,https://www.twitch.tv/videos/2495901393,2025-06-25T22:34:37Z,JUNKERTOWN,2 VOTES,RUNASAPI,6 VOtES,SHAMBALI MONASTERY,1 VOTE
hiimsky,https://www.twitch.tv/videos/2495901393,2025-06-25T22:34:37Z,ILIOS,7 VotES,BLIZZARD WORLD,0 VOTES,MIDTOWN,4 VOTES
hiimsky,https://www.twitch.tv/videos/2495901393,2025-06-25T22:34:37Z,ROUTE 66,1 Vote,DORADO,0 VOTES,KING'S ROW,10 VOTES
hiimsky,https://www.twitch.tv/videos/2495901393,2025-06-25T22:34:37Z,ANTARCTIC PENINSULA,7 VOTES,BUSAN,1 VOTE,NUMBANI,2 VOTES
hiimsky,https://www.twitch.tv/videos/2495901393,2025-06-25T22:34:37Z,HAVANA,0 VOTeS,JUNKERTOWN,2 VOTES,OASIS,8 VOTES
hiimsky,https://www.twitch.tv/videos/2495901393,2025-06-25T22:34:37Z,OASIS,5 VOTES,NUMBANI,4 VoteS,019,1 VOTE
hiimsky,https://www.twitch.tv/videos/2495901393,2025-06-25T22:34:37Z,NEW JUNK CITY,2 VOTES,LIJIANG TOWER,8 VOTES,COLOSSEO,0 VoteS
pirate_ow_,https://www.twitch.tv/videos/2495829764,2025-06-25T20:59:31Z,NUMBANI,3 Votes,SHAMBALI MONASTERY,3 VOTES,ANTARCTIC PENINSULA,1 VOTE
pirate_ow_,https://www.twitch.tv/videos/2495829764,2025-06-25T20:59:31Z,,,,,,
pirate_ow_,https://www.twitch.tv/videos/2495829764,2025-06-25T20:59:31Z,DORADO,0 VOTES,WATCHPOINT: GIBRALTAR,4 VOTES,OASIS,4 VOTES
pirate_ow_,https://www.twitch.tv/videos/2495829764,2025-06-25T20:59:31Z,MIDTOWN,1 VOTE,NUMBANI,5 VOTES,AATLIS,2 VOTES
pirate_ow_,https://www.twitch.tv/videos/2495829764,2025-06-25T20:59:31Z,BLIZZARD WORLD,5 VOTES,SAMOA,4 VOTES,0 9,0 VOTES
pirate_ow_,https://www.twitch.tv/videos/2495829764,2025-06-25T20:59:31Z,NEW JUNK CITY,4 VOTES,RUNASAPI,1 VOTE,BLIZZARD WORLD,4 VOTES
pirate_ow_,https://www.twitch.tv/videos/2495829764,2025-06-25T20:59:31Z,DORADO,1 VOTE,JUNKERTOWN,0 VOTES,RUNASAPI,7 VOTES
pirate_ow_,https://www.twitch.tv/videos/2495829764,2025-06-25T20:59:31Z,ROUTE 66,0 VOTES,HOLLYWOOD,0 VOTES,RUNASAPI,9 VoTeS
pirate_ow_,https://www.twitch.tv/videos/2495829764,2025-06-25T20:59:31Z,PARAiso,0 VOTES,KING'S ROW,7 VOTES,SHAMBALI MONASTERY,0 VOTES
pirate_ow_,https://www.twitch.tv/videos/2495829764,2025-06-25T20:59:31Z,ESPERANCA,4 VOTES,CIRCUIT ROYAL,4 VOTES,OASIS,1 VOTE
pirate_ow_,https://www.twitch.tv/videos/2495829764,2025-06-25T20:59:31Z,WATCHPOINT: GIBRALTAR,4 VOTES,ANTARCTIC PENINSULA,3 VOTES,COLOSSEO,2 VOTES
pirate_ow_,https://www.twitch.tv/videos/2495829764,2025-06-25T20:59:31Z,NUMBANI,0 VOTES,EICHENWALDE,3 VOTES,BUSAN,3 VOTES
pirate_ow_,https://www.twitch.tv/videos/2495829764,2025-06-25T20:59:31Z,JUNKERTOWN,1 VOTE,DORADO,0 VOTES,WATCHPOINT: GIBRALTAR,8 Votes
pirate_ow_,https://www.twitch.tv/videos/2495829764,2025-06-25T20:59:31Z,NEPAL,1 VOTE,BLIZZARD WORLD,2 VOTES,MIDTOWN,0 VOTES
pirate_ow_,https://www.twitch.tv/videos/2495829764,2025-06-25T20:59:31Z,ROUTE 66,5 VOTES,WATCHPOINT: GIBRALTAR,3 VOTES,RIALTO,0 VOTES
pirate_ow_,https://www.twitch.tv/videos/2495829764,2025-06-25T20:59:31Z,PARAiso,1 VOTE,OASIS,7 VOTES,NEW JUNK CITY,0 VOTES
pirate_ow_,https://www.twitch.tv/videos/2495829764,2025-06-25T20:59:31Z,JUNKERTOWN,2 VOTES,EICHENWALDE,2 VOTES,SAMOA,3 VOTES
pirate_ow_,https://www.twitch.tv/videos/2495829764,2025-06-25T20:59:31Z,BUSAN,3 VOTES,AATLIS,3 VOTES,MIDTOWN,2 VOTES
Danteh,https://www.twitch.tv/videos/2495689220,2025-06-25T18:06:45Z,JUNKERTOWN,1 VOTE,HAVANA,6 VOTES,ROUTE 66,0 VOTES
Danteh,https://www.twitch.tv/videos/2495689220,2025-06-25T18:06:45Z,NEPAL,2 VOTES,AATLIS,6 VOTES,SURAVASA,0 VOTES
Danteh,https://www.twitch.tv/videos/2495689220,2025-06-25T18:06:45Z,CIRCUIT ROYAL,4 VOTES,RUNASAPI,5 VOTES,COLOSSEO,0 VOTES
Danteh,https://www.twitch.tv/videos/2495689220,2025-06-25T18:06:45Z,OASIS,9 VOTES,DORADO,1 VOTE,ANTARCTIC PENINSULA,0 VOTES
Danteh,https://www.twitch.tv/videos/2495689220,2025-06-25T18:06:45Z,SURAVASA,4 VOTES,EICHENWALDE,1 VOTE,NEPAL,5 VOTES
Danteh,https://www.twitch.tv/videos/2495689220,2025-06-25T18:06:45Z,ROUTE 66,0 VOTES,BLIZZARD WORLD,3 VOTES,EICHENWALDE,2 VOTES
Danteh,https://www.twitch.tv/videos/2495689220,2025-06-25T18:06:45Z,ANTARCTIC PENINSULA,3 VOTES,ILIOS,1 VOTE,AATLIS,5 VOTES
Danteh,https://www.twitch.tv/videos/2495689220,2025-06-25T18:06:45Z,ESPERANCA,3 VOTES,KING'S ROW,4 VOTES,SHAMBALI MONASTERY,0 VOTES
xomba_ow,https://www.twitch.tv/videos/2495163271,2025-06-25T01:33:16Z,NEW QUEEN STREET,0 VOTES,KING'S ROW,9 VOTES,BLIZZARD WORLD,1 VOTE
xomba_ow,https://www.twitch.tv/videos/2495163271,2025-06-25T01:33:16Z,NEW JUNK CITY,7 VOTES,DORADO,1 VOTE,KING'S ROW,1 VOTE
xomba_ow,https://www.twitch.tv/videos/2495163271,2025-06-25T01:33:16Z,SHAMBALI MONASTERY,3 VOTES,SAMOA,5 Votes,RIALTO,0 VOTES
xomba_ow,https://www.twitch.tv/videos/2495163271,2025-06-25T01:33:16Z,MIDTOWN,0 VOTES,RUNASAPI,2 VOTES,DORADO,7 VOTES
xomba_ow,https://www.twitch.tv/videos/2495163271,2025-06-25T01:33:16Z,ROUTE 66,1,MIDTOWN,6 VOTES,NUMBANI,2 VOTES
xomba_ow,https://www.twitch.tv/videos/2495163271,2025-06-25T01:33:16Z,NEPAL,1 VOTE,NEW QUEEN STREET,2 VOTES,LIJIANG TOWER,5 VOTES
xomba_ow,https://www.twitch.tv/videos/2495163271,2025-06-25T01:33:16Z,ESPERANCA,2 VOTES,LIJIANG TOWER,7 VOTES,CIRCUIT ROYAL,1 VOTE
xomba_ow,https://www.twitch.tv/videos/2495163271,2025-06-25T01:33:16Z,CIRCUIT ROYAL,8 VOTES,NUMBANI,1 VOTE,HAVANA,OvoteS
xomba_ow,https://www.twitch.tv/videos/2495163271,2025-06-25T01:33:16Z,NEW QUEEN STREET,VOTE,ESPERANCA,3 VOTES,NEPAL,6 VOTES
romani_ow,https://www.twitch.tv/videos/2495240604,2025-06-25T03:15:18Z,NEW QUEEN STREET,7 VOTES,BLIZZARD WORLD,0 VOTES,WATCHPOINT: GIBRALTAR,1 VOTE
romani_ow,https://www.twitch.tv/videos/2495240604,2025-06-25T03:15:18Z,MIDTOWN,1 VOTE,PARAiso,3 VOTES,AATLIS,4 VOTES
romani_ow,https://www.twitch.tv/videos/2495240604,2025-06-25T03:15:18Z,HOLLYWOOD,0 VOTES,LIJIANG TOWER,8VOTes,BUSAN,0 VOTES
romani_ow,https://www.twitch.tv/videos/2495240604,2025-06-25T03:15:18Z,SAMOA,6 VOTES,ANTARCTIC PENINSULA,1 VOTE,ESPERANCA,2 VOTES
NenWhy,https://www.twitch.tv/videos/2495842611,2025-06-25T21:15:36Z,MIDTOWN,1 VOTE,EICHENWALDE,0 VOTES,OASIS,5 VOTES
NenWhy,https://www.twitch.tv/videos/2495842611,2025-06-25T21:15:36Z,NEW JUNK CITY,9 VOTES,HOLLYWOOD,1 VOTE,DORADO,0 VOTES
NenWhy,https://www.twitch.tv/videos/2495842611,2025-06-25T21:15:36Z,PARAiSO,0 VOTES,RUNASAPI,Votb,RIALTO,0 VOTES
NenWhy,https://www.twitch.tv/videos/2495842611,2025-06-25T21:15:36Z,NUMBANI,0 VOTES,SAMOA,7 VOTES,"WATCHPOINT: GIBRALTAL,",1 VOTE
NenWhy,https://www.twitch.tv/videos/2495842611,2025-06-25T21:15:36Z,ROUTE 66,0 VOTES,HOLLYWOOD,0 VOTES,RUNASAPI,9 VOTES
NenWhy,https://www.twitch.tv/videos/2495842611,2025-06-25T21:15:36Z,SURAVASA,4 VOTES,KING'S ROW,2 VOTES,RUNASAPI,9Votes
NenWhy,https://www.twitch.tv/videos/2495842611,2025-06-25T21:15:36Z,KING'S ROW,3 VOTES,BLIZZARD WORLD,0 VOTES,NEPAL,4 VOTES
NenWhy,https://www.twitch.tv/videos/2495842611,2025-06-25T21:15:36Z,CIRCUIT ROYAL,3 VOTES,BLIZZARD WORLD,2 VOTES,DORADO,2 VOTES
NenWhy,https://www.twitch.tv/videos/2495842611,2025-06-25T21:15:36Z,COLOSSEO,5 VOTES,PARAiSo,1 VOTE,HOLLYWOOD,2 VOTES
NenWhy,https://www.twitch.tv/videos/2495842611,2025-06-25T21:15:36Z,JUNKERTOWN,6 VOTES,SHAMBALI MONASTERY,1 VOTE,HAVANA,2 VOTES
NenWhy,https://www.twitch.tv/videos/2495842611,2025-06-25T21:15:36Z,NUMBANI,1 VOTE,WATCHPOINT: GIBRALTAR,4 VOTES,ESPERANCA,4 VOTES
NenWhy,https://www.twitch.tv/videos/2495842611,2025-06-25T21:15:36Z,ROUTE 66,2 VOTES,PARAiSo,1 VOTE,DORADO,1 VOTE
NenWhy,https://www.twitch.tv/videos/2495842611,2025-06-25T21:15:36Z,MIDTOWN,1 VOTE,LIJIANG TOWER,6 VOTES,SURAVASA,1 VOTE
6Cyx,https://www.twitch.tv/videos/2496709317,2025-06-26T20:40:03Z,NUMBANI,0 VOTES,NEPAL,4 VOTES,RIALTO,3 VOTES
6Cyx,https://www.twitch.tv/videos/2496709317,2025-06-26T20:40:03Z,CIRCUIT ROYAL,VOTE,OASIS,6 VOTES,HAVANA,0 VOTES
durpee82,https://www.twitch.tv/videos/2497597520,2025-06-27T20:23:49Z,EICHENWALDE,5 VOTES,JUNKERTOWN,0 VOTES,SHAMBALI MONASTERY,1 VOTE
durpee82,https://www.twitch.tv/videos/2497597520,2025-06-27T20:23:49Z,NEW JUNK CITY,3 VOTES,SURAVASA,1 VOTE,RIALTO,5 VOTES
durpee82,https://www.twitch.tv/videos/2497597520,2025-06-27T20:23:49Z,NEW QUEEN STREET,6 VOTES,ILIOS,1 VOTE,COLOSSEO,1 VOTE
durpee82,https://www.twitch.tv/videos/2497597520,2025-06-27T20:23:49Z,BUSAN,6 VOTES,AATLIS,1 VOTE,RIALTO,1 VOTE
durpee82,https://www.twitch.tv/videos/2497597520,2025-06-27T20:23:49Z,PARAiSo,0 VOTES,AATLIS,9 VOTES,KING'S ROW,1 VOTE
durpee82,https://www.twitch.tv/videos/2497597520,2025-06-27T20:23:49Z,JUNKERTOWN,0 VOTES,RUNASAPI,7 VOTES,HAVANA,1 VOTE
durpee82,https://www.twitch.tv/videos/2497597520,2025-06-27T20:23:49Z,NEPAL,1 VOTE,ANTARCTIC PENINSULA,0 VOTES,LIJIANG TOWER,7 VOTES
durpee82,https://www.twitch.tv/videos/2497597520,2025-06-27T20:23:49Z,JUNKERTOWN,0 VOTES,NUMBANI,1 VOTE,WATCHPOINT: GIBRALTAR,4 VOTES
durpee82,https://www.twitch.tv/videos/2497597520,2025-06-27T20:23:49Z,ANTARCTIC PENINSULA,2 VOTES,NUMBANI,3 VOTES,OASIS,2 VOTES
durpee82,https://www.twitch.tv/videos/2497597520,2025-06-27T20:23:49Z,DORADO,0 VOTES,WATCHPOINT: GIBRALTAR,2 VOTES,COLOSSEO,5 VOTES
durpee82,https://www.twitch.tv/videos/2497597520,2025-06-27T20:23:49Z,ROUTE 66,0 VOTES,SHAMBALI MONASTERY,8 VOTES,AATLIS,0 VOTES
durpee82,https://www.twitch.tv/videos/2497597520,2025-06-27T20:23:49Z,PARAiSo,8 VOTES,SURAVASA,0 VOTES,HOLLYWOOD,1 VOTE
durpee82,https://www.twitch.tv/videos/2497597520,2025-06-27T20:23:49Z,NEPAL,8 VOTES,JUNKERTOWN,0 VOTES,OASIS,0 VOTES
durpee82,https://www.twitch.tv/videos/2497597520,2025-06-27T20:23:49Z,ESPERANCA,5 VOTES,ROUTE 66,0 VOTES,AATLIS,1 VOTE
durpee82,https://www.twitch.tv/videos/2497597520,2025-06-27T20:23:49Z,HOLLYWOOD,1 VOTE,WATCHPOINT: GIBRALTAR,1 VOTE,RIALTO,4 VOTES
durpee82,https://www.twitch.tv/videos/2497597520,2025-06-27T20:23:49Z,ROUTE 66,0 VOTES,AATLIS,3 VOTES,NEW QUEEN STREET,2 VOTES
durpee82,https://www.twitch.tv/videos/2497597520,2025-06-27T20:23:49Z,HAVANA,1 VOTE,BUSAN,6 VOTES,ROUTE 66,0 VOTES
durpee82,https://www.twitch.tv/videos/2497597520,2025-06-27T20:23:49Z,AATLIS,4 VOTES,EICHENWALDE,2 VOTES,NEW QUEEN STREET,VOTE
durpee82,https://www.twitch.tv/videos/2497597520,2025-06-27T20:23:49Z,NEPAL,6 VOTES,BUSAN,1 VOTE,NEW JUNK CITY,2 VOTES
durpee82,https://www.twitch.tv/videos/2497597520,2025-06-27T20:23:49Z,PARAiSo,1 VOTE,COLOSSEO,3 VOTES,LIJIANG TOWER,4 VOTES
durpee82,https://www.twitch.tv/videos/2497597520,2025-06-27T20:23:49Z,ESPERANCA,4 VOTES,NUMBANI,2 VOTES,ANTARCTIC PENINSULA,2 VOTES
durpee82,https://www.twitch.tv/videos/2497597520,2025-06-27T20:23:49Z,DORADO,1 VOTE,LIJIANG TOWER,6 VOTES,JUNKERTOWN,0 VOTES
durpee82,https://www.twitch.tv/videos/2497597520,2025-06-27T20:23:49Z,WATCHPOINT: GIBRALTAR,0 VOTES,KING'S ROW,4 VOTES,MIDTOWN,2 VOTES
durpee82,https://www.twitch.tv/videos/2497597520,2025-06-27T20:23:49Z,AATLIS,5 VOTES,NUMBANI,0 VOTES,EICHENWALDE,5 VOTES
durpee82,https://www.twitch.tv/videos/2497597520,2025-06-27T20:23:49Z,BLIZZARD WORLD,2 VOTES,DORADO,4 VOTES,812,1 VOTE
durpee82,https://www.twitch.tv/videos/2496810408,2025-06-26T22:54:13Z,ROUTE 66,1 VOTE,BUSAN,3 VOTES,SHAMBALI MONASTERY,5 VOTES
durpee82,https://www.twitch.tv/videos/2496810408,2025-06-26T22:54:13Z,ANTARCTIC PENINSULA,1 VOTE,RUNASAPI,7 VOTES,812,0 VOTES
durpee82,https://www.twitch.tv/videos/2496810408,2025-06-26T22:54:13Z,BUSAN,1 VOTE,NEPAL,1 VOTE,SAMOA,6 VOTES
durpee82,https://www.twitch.tv/videos/2496810408,2025-06-26T22:54:13Z,HAVANA,0 VOTES,LIJIANGKOWER,5 VOTES,ROUTE 66,2 VOTES
durpee82,https://www.twitch.tv/videos/2496810408,2025-06-26T22:54:13Z,LIJIANG TOWER,7 VOTES,AATLIS,1 VOTE,HOLLYWOOD,1 VOTE
durpee82,https://www.twitch.tv/videos/2496810408,2025-06-26T22:54:13Z,BLIZZARD WORLD,1 VOTE,NEW QUEEN STREET,5 VOTES,KING'S ROW,2 VOTES
durpee82,https://www.twitch.tv/videos/2496810408,2025-06-26T22:54:13Z,ESPERANCA,0 VOTES,ROUTE 66,0 VOTES,LIJIANG TOWER,9 VOTES
Apply,https://www.twitch.tv/videos/2497403156,2025-06-27T16:17:48Z,AATLIS,5 VOTES,NEW JUNK CITY,0 VOTES,HAVANA,3 VOTES
Apply,https://www.twitch.tv/videos/2497403156,2025-06-27T16:17:48Z,NEPAL,7 VOTES,SURAVASA,0 VOTES,HAVANA,1 VOTE
Apply,https://www.twitch.tv/videos/2497403156,2025-06-27T16:17:48Z,RUNASAPI,1 VOTE,RIALTO,2 VOTES,NUMBANI,1 VOTE
LhCloudy27,https://www.twitch.tv/videos/2497311747,2025-06-27T13:51:19Z,WATCHPOINT: GIBRALTAR,1 VOTE,AATLIS,5 VOTES,9 9,0 VOTES
LhCloudy27,https://www.twitch.tv/videos/2497311747,2025-06-27T13:51:19Z,ESPERANCA,5 VOTES,EICHENWALDE,0 VOTES,NUMBANI,0 VOTES
LhCloudy27,https://www.twitch.tv/videos/2497311747,2025-06-27T13:51:19Z,DORADO,3 VOTES,ROUTE 66,0 VOTES,SHAMBALI MONASTERY,2 VOTES
LhCloudy27,https://www.twitch.tv/videos/2497311747,2025-06-27T13:51:19Z,NEW JUNK CITY,1 VOTE,LIJIANG TOWER,4 VOTES,NEPAL,0 VOTES
LhCloudy27,https://www.twitch.tv/videos/2497311747,2025-06-27T13:51:19Z,MIDTOWN,2 VOTES,HOLLYWOOD,6 VOTES,JUNKERTOWN,1 VOTE
LhCloudy27,https://www.twitch.tv/videos/2497311747,2025-06-27T13:51:19Z,COLOSSEO,0 VOTES,ILIOS,5 VOTES,ANTARCTIC PENINSULA,2 VOTES
LhCloudy27,https://www.twitch.tv/videos/2497311747,2025-06-27T13:51:19Z,RIALTO,3 VOTES,NUMBANI,0 VOTES,NEW JUNK CITY,3 VOTES
LhCloudy27,https://www.twitch.tv/videos/2497311747,2025-06-27T13:51:19Z,AATLIS,2 VOTES,SURAVASA,6 VOTES,WATCHPOINT: GIBRALTAR,0 VOTES
LhCloudy27,https://www.twitch.tv/videos/2497311747,2025-06-27T13:51:19Z,AATLIS,1 VOTE,CIRCUIT ROYAL,6 VOTES,BLIZZARD WORLD,1 VOTE
LhCloudy27,https://www.twitch.tv/videos/2497311747,2025-06-27T13:51:19Z,HohMa,,,,,
LhCloudy27,https://www.twitch.tv/videos/2496499413,2025-06-26T16:17:12Z,EICHENWALDE,1 VOTE,HOLLYWOOD,4 VOTES,MIDTOWN,3 VOTES
LhCloudy27,https://www.twitch.tv/videos/2496499413,2025-06-26T16:17:12Z,ANTARCTIC PENINSULA,4 VOTES,JUNKERTOWN,0 VOTES,DORADO,2 VOTES
LhCloudy27,https://www.twitch.tv/videos/2496499413,2025-06-26T16:17:12Z,NEW JUNK CITY,0 VOTES,SURAVASA,0 VOTES,KING'S ROW,5 VOTES
LhCloudy27,https://www.twitch.tv/videos/2496499413,2025-06-26T16:17:12Z,RIALTO,1 VOTE,ESPERANCA,5 VOTES,WATCHPOINT: GIBRALTAR,0 VOTES
LhCloudy27,https://www.twitch.tv/videos/2496499413,2025-06-26T16:17:12Z,AATLIS,4 VOTES,MIDTOWN,3 VOTES,BLIZZARD WORLD,0 VOTES
ZBRA,https://www.twitch.tv/videos/2496535009,2025-06-26T17:05:09Z,RUNASAPI,1 VOTE,MIDTOWN,2 VOTES,NEW JUNK CITY,6 VOTES
ZBRA,https://www.twitch.tv/videos/2496535009,2025-06-26T17:05:09Z,MIDTOWN,1 VOTE,ANTARCTIC PENINSULA,3 VOTES,HOLLYWOOD,4 VOTES
ZBRA,https://www.twitch.tv/videos/2496535009,2025-06-26T17:05:09Z,@ASIS,5 VoteS,BUSAN,0 VOteS,CIRCUIT ROYAL,0 VOTES
ZBRA,https://www.twitch.tv/videos/2496535009,2025-06-26T17:05:09Z,ILIOS,5 VOTES,JUNKERTOWN,4 VOTES,PARAiSo,0 VOTES
ZBRA,https://www.twitch.tv/videos/2496535009,2025-06-26T17:05:09Z,NEW QUEEN STREET,6 VOTES,ESPERANCA,1 VOTE,NUMBANI,0 VOTES
Josh369,https://www.twitch.tv/videos/2497729862,2025-06-27T23:16:38Z,NUMBANI,1 VOTE,ROUTE 66,2 VOTES,AAtLiS mcmoppe,2
Josh369,https://www.twitch.tv/videos/2497729862,2025-06-27T23:16:38Z,BLIZZARD WORLD,4 VOTES,PARAiSO,2 VOTES,ROUTE 66,Cr
Josh369,https://www.twitch.tv/videos/2497729862,2025-06-27T23:16:38Z,JUNKERTOWN,1 VOTE,HOLLYWOOD,2 VOTES,ESPERANCA,3 VOTES
Josh369,https://www.twitch.tv/videos/2497729862,2025-06-27T23:16:38Z,SURAVASA,4 VOTES,RIALTO,3 VOTES,DUSANglestein53,VOTE 9g
Josh369,https://www.twitch.tv/videos/2497729862,2025-06-27T23:16:38Z,CIRCUIT ROYAL,1 VOTE,SURAVASA,3 VOTES,WATCHPOINT: GIBRALTAR,3 VOTES
Josh369,https://www.twitch.tv/videos/2497729862,2025-06-27T23:16:38Z,KING'S ROW,5 VOTES,RUNASAPI,0 VOTES,sfeRATu,Si
Josh369,https://www.twitch.tv/videos/2497729862,2025-06-27T23:16:38Z,ROUTE 66,1 VOTE,COLOSSEO,4 VOTES,AATLIS,5 VOTEs
Josh369,https://www.twitch.tv/videos/2497729862,2025-06-27T23:16:38Z,ANTARCTIC PENINSULA,3 VOTES,EICHENWALDE,3 VOTES,AATLIS,3 VOTES
Josh369,https://www.twitch.tv/videos/2497729862,2025-06-27T23:16:38Z,AATLIS,3 VOTES,HAVANA,0 VOTES,SAMOA,VOTE 9gi
Josh369,https://www.twitch.tv/videos/2497729862,2025-06-27T23:16:38Z,NEW QUEEN STREET,0 VOTES,NEPAL,VOTE,LIJIANC |JWERkycal_ kp,Oi
Josh369,https://www.twitch.tv/videos/2497729862,2025-06-27T23:16:38Z,SHAMBALI MONASTERY,5 VOTES,DORADO,1 VOTE,"NEPAL""",4 VOTES
Josh369,https://www.twitch.tv/videos/2497729862,2025-06-27T23:16:38Z,HAVANA,1 VOTE,ROUTE 66,6 VOTES,NUMBANI,AGa
Josh369,https://www.twitch.tv/videos/2497729862,2025-06-27T23:16:38Z,NUMBANI,1 VOTE,MIDTOWN,0 VOTES,BLIZZARD WORLD,L
Josh369,https://www.twitch.tv/videos/2497729862,2025-06-27T23:16:38Z,KING'S ROW,2 VOTES,LIJIANG TOWER,4 Votes,ANTARCI CPENINSULA,Ci
Josh369,https://www.twitch.tv/videos/2497729862,2025-06-27T23:16:38Z,DORADO,4 VOTES,PARAiSO,0 VOTES,NEW JUNK CITY,3
Josh369,https://www.twitch.tv/videos/2497729862,2025-06-27T23:16:38Z,JUNKERTOWN,4 VOTES,SHAMBALI MONASTERY,1 VOTE,RUNASAPierrramist M,1 VOTE
Josh369,https://www.twitch.tv/videos/2497729862,2025-06-27T23:16:38Z,WATCHPOINT: GIBRALTAR,0 VOTES,ANTARCTIC PENINSULA,5 VOTES,YUMBANAlestein53 bu,2 vofis
Josh369,https://www.twitch.tv/videos/2496833663,2025-06-26T23:21:39Z,AATLIS,1 VOTE,SURAVASA,7 VOTES,NEW QUEEN STREET,VOTE
Josh369,https://www.twitch.tv/videos/2496833663,2025-06-26T23:21:39Z,WATCHPOINT: GIBRALTAR,4 VOTES,NUMBANI,0 VOTES,NEPAL owlhijacker,Juc
Josh369,https://www.twitch.tv/videos/2496833663,2025-06-26T23:21:39Z,AATLIS,6 VOTES,NUMBANI,0 VOTES,COLOES_oonamiin,2 VOTES
Josh369,https://www.twitch.tv/videos/2496833663,2025-06-26T23:21:39Z,AATLIS,4 VOTES,HOLLYWOOD,0 VOTES,LIJIANG TOWER,3
Josh369,https://www.twitch.tv/videos/2496833663,2025-06-26T23:21:39Z,CIRCUIT ROYAL,2 VOTES,SURAVASA,2 VOTES,HAVANA,Kal
Josh369,https://www.twitch.tv/videos/2496833663,2025-06-26T23:21:39Z,ROUTE 66,3 VOTES,LIJIANG TOWER,5 VOTES,walentine,2 VOTES
Josh369,https://www.twitch.tv/videos/2496833663,2025-06-26T23:21:39Z,AATLIS,0 VOTES,MIDTOWN,2 VOTES,Under,1 VOTE
Josh369,https://www.twitch.tv/videos/2496833663,2025-06-26T23:21:39Z,PARAiSO,0 VOTES,BUSAN,2 VOTES,ANTARCTICPENINSULA,4 VOTES
Josh369,https://www.twitch.tv/videos/2496833663,2025-06-26T23:21:39Z,BLIZZARD WORLD,3 VOTES,NUMBANI,1 VOTE,BUSAAfhickenOwo,Lm
Josh369,https://www.twitch.tv/videos/2496833663,2025-06-26T23:21:39Z,MIDTOWN,4 VOTES,ILIOS,4 VOTES,SAMOA,1VOTe
Josh369,https://www.twitch.tv/videos/2496833663,2025-06-26T23:21:39Z,ESPERANCA,6 VOTES,PARAiSO,0 VOTES,KKE;J crankycal_ IN,VOTE
Josh369,https://www.twitch.tv/videos/2496833663,2025-06-26T23:21:39Z,NUMBANI,3 VOTES,ESPERANCA,3 VOTES,JUNKERTOWANalkttie,SIe
Josh369,https://www.twitch.tv/videos/2496833663,2025-06-26T23:21:39Z,HOLLYWOOD,0 VOTES,RUNASAPI,2 VOTES,BUSAI sierrramist,Ici
Josh369,https://www.twitch.tv/videos/2496211834,2025-06-26T05:41:02Z,ROUTE 66,0 VOTES,WATCHPOINT: GIBRALTAR,2 VOTES,AATLIS,7
Josh369,https://www.twitch.tv/videos/2496211834,2025-06-26T05:41:02Z,RUNASAPI,4 VOTES,SAMOA,1 VOTE,0,3
Josh369,https://www.twitch.tv/videos/2496211834,2025-06-26T05:41:02Z,MIDTOWN,1 VOTE,NEW JUNK CITY,8 VOTES,JUNKERTOWN,0 VOTES
Josh369,https://www.twitch.tv/videos/2496211834,2025-06-26T05:41:02Z,EICHENWALDE,1 VOTE,ROUTE 66,VOTES,Ow} ba,0 VOTES
Josh369,https://www.twitch.tv/videos/2496211834,2025-06-26T05:41:02Z,,,SoiauPx,,,
Josh369,https://www.twitch.tv/videos/2496030210,2025-06-26T01:06:38Z,Dy,0Votes,OASIS,8 VOTES,PARAISO,Sit
Josh369,https://www.twitch.tv/videos/2496030210,2025-06-26T01:06:38Z,WATCHPOINT: GIBRALTAR,1 VOTE,RIALTO,6 VOTES,NUMBANI,2
Josh369,https://www.twitch.tv/videos/2496030210,2025-06-26T01:06:38Z,EICHENWALDE,4 VOTES,COLOSSEO,4 VOTES,SURAVAsAerrramist,"Vote"""
Josh369,https://www.twitch.tv/videos/2496030210,2025-06-26T01:06:38Z,ANTARCTIC PENINSULA,1 VOTE,DORADO,0 VOTES,LIJIANGYCWERBeatz ba,7 VOTES
Josh369,https://www.twitch.tv/videos/2496030210,2025-06-26T01:06:38Z,,,,,,
Josh369,https://www.twitch.tv/videos/2496030210,2025-06-26T01:06:38Z,PARAiSo,1 VOTE,NEPAL,5 VOTES,tux_Ow m_,3 VOTES
Josh369,https://www.twitch.tv/videos/2496030210,2025-06-26T01:06:38Z,,,ShiaiPx,,,
Josh369,https://www.twitch.tv/videos/2496030210,2025-06-26T01:06:38Z,RIALTO,1 VOTE,NUMBANI,0 VOTES,ROUTE 66,Jcriyy
cartifan22_,https://www.twitch.tv/videos/2497045209,2025-06-27T03:38:42Z,SAMOA,0 VOTES,AATLIS,6 VOTES,NEPAL,1 VOTE
cartifan22_,https://www.twitch.tv/videos/2497045209,2025-06-27T03:38:42Z,NUMBANI,4 VOTES,EICHENWALDE,1 VOTE,RIALTO,1 VOTE
cartifan22_,https://www.twitch.tv/videos/2497045209,2025-06-27T03:38:42Z,MIDTOWN,1 VOTE,ANTARCTIC PENINSULA,6 VOTES,DORADO,2 VOTES
cartifan22_,https://www.twitch.tv/videos/2497045209,2025-06-27T03:38:42Z,RUNASAPI,3 VOTES,COLOSSEO,3 VOTES,ROUTE 66,3 VOTES
cartifan22_,https://www.twitch.tv/videos/2497045209,2025-06-27T03:38:42Z,HAVANA,0 VOTES,SHAMBALI MONASTERY,5 VOTES,WATCHPOINT: GIBRALTAR,1 VOTE
cartifan22_,https://www.twitch.tv/videos/2496091001,2025-06-26T02:21:55Z,PARAiSo,0 VOTES,HOLLYWOOD,2 VOTES,COLOSSEO,6 VOTES
cartifan22_,https://www.twitch.tv/videos/2496091001,2025-06-26T02:21:55Z,MIDTOWN,1 VOTE,LIJIANG TOWER,6 VOTES,SURAVASA,1 VOTE
cartifan22_,https://www.twitch.tv/videos/2496091001,2025-06-26T02:21:55Z,CIRCUIT ROYAL,2 VOTES,HAVANA,0 VOTES,ESPERANCA,7 VOTES
cartifan22_,https://www.twitch.tv/videos/2496091001,2025-06-26T02:21:55Z,ANTARCTIC PENINSULA,1 VOTE,NEPAL,9 VOTES,HAVANA,0 VOTES
cartifan22_,https://www.twitch.tv/videos/2496091001,2025-06-26T02:21:55Z,ROUTE 66,Ovotes,RIALTO,1 VOTE,SURAVASA,6 VOTES
cartifan22_,https://www.twitch.tv/videos/2496091001,2025-06-26T02:21:55Z,EICHENWALDE,2 VOTES,RUNASAPI,3 VOTES,BUSAN,0 VOTES
cartifan22_,https://www.twitch.tv/videos/2496091001,2025-06-26T02:21:55Z,NEPAL,7 VOTES,SAMOA,2 VOTES,ANTARCTIC PENINSULA,0 VOTES
cartifan22_,https://www.twitch.tv/videos/2496091001,2025-06-26T02:21:55Z,COLOSSEO,3 VOTES,KING'S ROW,7 VOTES,NUMBANI,0 VOTES
cartifan22_,https://www.twitch.tv/videos/2496091001,2025-06-26T02:21:55Z,BLIZZARD WORLD,8 VOTES,JUNKERTOWN,0 VOTES,SHAMBALI MONASTERY,1 VOTE
hiimsky,https://www.twitch.tv/videos/2496841584,2025-06-26T23:30:50Z,RUNASAPI,2 VotES,ANTARCTIC PENINSULA,2 VOTES,PARAISO,4 VOTES
hiimsky,https://www.twitch.tv/videos/2496841584,2025-06-26T23:30:50Z,NEW QUEEN STREET,2 VOTES,COLOSSEO,0 VOTES,RIALTO,8 VOTES
hiimsky,https://www.twitch.tv/videos/2496841584,2025-06-26T23:30:50Z,RUNASAPI,2 VOTES,BLIZZARD WORLD,2 VOTES,ESPERANCA,6 VotES
hiimsky,https://www.twitch.tv/videos/2496841584,2025-06-26T23:30:50Z,KING'S ROW,6 VOTES,BUSAN,1 VOTE,HOLLYWOOD,2 VoteS
hiimsky,https://www.twitch.tv/videos/2496841584,2025-06-26T23:30:50Z,SURAVAS,2 VOTES,EICHENWALDE,4 VoteS,ROUTE 66,5 VotES
hiimsky,https://www.twitch.tv/videos/2496841584,2025-06-26T23:30:50Z,NEW JUNK CITY,6 VOTES,MIDTOWN,1 VOTE,RUNASAPI,4 VoteS
hiimsky,https://www.twitch.tv/videos/2496841584,2025-06-26T23:30:50Z,SURAVASA,4 VOTES,NUMBANI,6 VOTES,CIRCUIT ROYAL,1 VOTE
hiimsky,https://www.twitch.tv/videos/2496841584,2025-06-26T23:30:50Z,DORADO,0 VOTES,LIJIANG TOWER,7 VOTES,ILIOS,4 Votes
hiimsky,https://www.twitch.tv/videos/2496841584,2025-06-26T23:30:50Z,CIRCUIT ROYAL,3 VOTES,NEW QUEEN STREET,7 VoteS,SHAMBALI MONASTERY,1 VOTE
hiimsky,https://www.twitch.tv/videos/2496841584,2025-06-26T23:30:50Z,ANTARCTIC PENINSULA,6 VoteS,JUNKERTOWN,0 VOTES,NUMBANI,4 Votes
hiimsky,https://www.twitch.tv/videos/2496789509,2025-06-26T22:25:59Z,JUNKERTOWN,0 VOTES,BUSAN,3 VOTES,BLIZZARD WORLD,6 VotES
pirate_ow_,https://www.twitch.tv/videos/2497712786,2025-06-27T22:56:47Z,AATLIS,2 VOTES,DORADO,5 VOTES,012,1 VOTE
pirate_ow_,https://www.twitch.tv/videos/2497712786,2025-06-27T22:56:47Z,WATCHPOINT: GIBRALTAR,0 VOTES,AATLIS,6 VOTES,ESPERANCA,2 VOTES
pirate_ow_,https://www.twitch.tv/videos/2497712786,2025-06-27T22:56:47Z,ESPERANCA,7 VOTES,PARAiSo,0 VOTES,EICHENWALDE,1 VOTE
pirate_ow_,https://www.twitch.tv/videos/2497712786,2025-06-27T22:56:47Z,AATLIS,6 VOTES,DORADO,2 VOTES,0 9,0 VOTES
pirate_ow_,https://www.twitch.tv/videos/2497712786,2025-06-27T22:56:47Z,JUNKERTOWN,2 VOTES,ANTARCTIC PENINSULA,3 VOTES,SHAMBALI MONASTERY,1 VOTE
pirate_ow_,https://www.twitch.tv/videos/2497712786,2025-06-27T22:56:47Z,HOLLYWOOD,VOTE,ILIOS,7 VOTES,RUNASAPI,0 VOTES
pirate_ow_,https://www.twitch.tv/videos/2497712786,2025-06-27T22:56:47Z,WATCHPOINT: GIBRALTAR,2 VOTES,ILIOS,5 VOTES,HAVANA,0 VOTES
pirate_ow_,https://www.twitch.tv/videos/2497712786,2025-06-27T22:56:47Z,SURAVASA,2 VOTES,AATLIS,3 VOTES,DORADO,0 VOTES
pirate_ow_,https://www.twitch.tv/videos/2497712786,2025-06-27T22:56:47Z,ILIOS,2 VOTES,MIDTOWN,2 VOTES,ESPERANCA,2 VOTES
pirate_ow_,https://www.twitch.tv/videos/2497712786,2025-06-27T22:56:47Z,AATLIS,4 VOTES,RIALTO,0 VOTES,OASIS,5 VOTES
pirate_ow_,https://www.twitch.tv/videos/2496800191,2025-06-26T22:40:17Z,SAMOA,5 VOTES,ROUTE 66,0 VOTES,BUSAN,0 VOTES
pirate_ow_,https://www.twitch.tv/videos/2496800191,2025-06-26T22:40:17Z,SURAVASA,3 VOTES,AATLIS,5 VOTES,ANTARCTIC PENINSULA,0 VOTES
pirate_ow_,https://www.twitch.tv/videos/2496800191,2025-06-26T22:40:17Z,AATLIS,2 VOTES,HAVANA,1 VOTE,RIALTO,3 VOTES
pirate_ow_,https://www.twitch.tv/videos/2496800191,2025-06-26T22:40:17Z,HAVANA,4 VOTES,BLIZZARD WORLD,5 VOTES,COLOSSEO,0 VOTES
pirate_ow_,https://www.twitch.tv/videos/2496800191,2025-06-26T22:40:17Z,ESPERANCA,1 VOTE,ILIOS,5 VOTES,AATLIS,3 VOTES
pirate_ow_,https://www.twitch.tv/videos/2496800191,2025-06-26T22:40:17Z,BUSAN,2 VOTES,RIALTO,0 VOTES,EICHENWALDE,4 VOTES
pirate_ow_,https://www.twitch.tv/videos/2496800191,2025-06-26T22:40:17Z,RUNASAPI,4 VOTES,ANTARCTIC PENINSULA,2 VOTES,KING'S ROW,2 VOTES
pirate_ow_,https://www.twitch.tv/videos/2496800191,2025-06-26T22:40:17Z,ROUTE 66,8 VOTES,RIALTO,1 Vote,SHAMBALI MONASTERY,0 VOTES
pirate_ow_,https://www.twitch.tv/videos/2496800191,2025-06-26T22:40:17Z,BUSAN,2 VOTES,NEW JUNK CITY,4 VOTES,AATLIS,1 VOTE
pirate_ow_,https://www.twitch.tv/videos/2496800191,2025-06-26T22:40:17Z,ROUTE 66,4 VOTES,SURAVASA,1 VOTE,WATCHPOINT: GIBRALTAR,1 VOTE
pirate_ow_,https://www.twitch.tv/videos/2496800191,2025-06-26T22:40:17Z,JUNKERTOWN,0 VOTES,AATLIS,3 VOTES,CIRCUIT ROYAL,5 VOTES
pirate_ow_,https://www.twitch.tv/videos/2496800191,2025-06-26T22:40:17Z,NUMBANI,4 VOTES,EICHENWALDE,1 VOTE,RIALTO,1 VOTE
pirate_ow_,https://www.twitch.tv/videos/2496800191,2025-06-26T22:40:17Z,NEW JUNK CITY,1 VOTE,SAMOA,6 VOTES,AATLIS,0 VOTES
pirate_ow_,https://www.twitch.tv/videos/2496800191,2025-06-26T22:40:17Z,NEW QUEEN STREET,0 VOTES,KING'S ROW,7 VOTES,PARAiso,1 VOTE
pirate_ow_,https://www.twitch.tv/videos/2496800191,2025-06-26T22:40:17Z,NEW JUNK CITY,0 VOTES,LIJIANG TOWER,8 VOTES,WATCHPOINT: GIBRALTAR,2 VOTES
pirate_ow_,https://www.twitch.tv/videos/2496800191,2025-06-26T22:40:17Z,MIDTOWN,7 VOTES,JUNKERTOWN,0 VOTES,NUMBANI,1 VOTE
pirate_ow_,https://www.twitch.tv/videos/2496800191,2025-06-26T22:40:17Z,BUSAN,4 VOTES,NEW QUEEN STREET,0 VOTES,AATLIS,1 VOTE
pirate_ow_,https://www.twitch.tv/videos/2496800191,2025-06-26T22:40:17Z,HAVANA,1 VOTE,RIALTO,6 VOTES,0 9,1 VOTE
pirate_ow_,https://www.twitch.tv/videos/2496800191,2025-06-26T22:40:17Z,CIRCUIT ROYAL,7 VOTES,PARAiSo,0 VOTES,JUNKERTOWN,1 VOTE
pirate_ow_,https://www.twitch.tv/videos/2496800191,2025-06-26T22:40:17Z,CHENWALDE,1 VOTE,NUMBANI,0 VOTES,KING'S ROW,6 VOTES
pirate_ow_,https://www.twitch.tv/videos/2496800191,2025-06-26T22:40:17Z,AATLIS,2 VOTES,SAMOA,4 VOTES,HAVANA,1 VOTE
pirate_ow_,https://www.twitch.tv/videos/2496800191,2025-06-26T22:40:17Z,ESPERANCA,1 VOTE,NEW QUEEN STREET,4 VOTES,SHAMBALI MONASTERY,3 VOTES
Danteh,https://www.twitch.tv/videos/2497716907,2025-06-27T23:00:58Z,AATLIS,5 VOTES,HOLLYWOOD,0 VOTES,CIRCUIT ROYAL,1 VOTE
Danteh,https://www.twitch.tv/videos/2497716907,2025-06-27T23:00:58Z,OASIS,5 VOTES,EICHENWALDE,1 VOTE,NEW JUNK CITY,1 VOTE
Danteh,https://www.twitch.tv/videos/2497659273,2025-06-27T21:46:14Z,PARAiSo,1 VOTE,BLIZZARD WORLD,1 VOTE,BUSAN,7 VOTES
Danteh,https://www.twitch.tv/videos/2497659273,2025-06-27T21:46:14Z,WATCHPOINT: GIBRALTAR,5 VOTES,AATLIS,3 VOTES,BUSAN,0 VOTES
Danteh,https://www.twitch.tv/videos/2496817008,2025-06-26T23:01:14Z,KING'S ROW,6 VOTES,AATLIS,4 VOTES,NUMBANI,0 VOTES
Danteh,https://www.twitch.tv/videos/2496817008,2025-06-26T23:01:14Z,NEPAL,4votes,HOLLYWOOD,1 VOTE,RUNASAPI,1 VOTE
Danteh,https://www.twitch.tv/videos/2496817008,2025-06-26T23:01:14Z,WATCHPOINT: GIBRALTAR,1 VOTE,AATLIS,1 VOTE,SHAMBALI MONASTERY,3 VOTES
Danteh,https://www.twitch.tv/videos/2496817008,2025-06-26T23:01:14Z,NEW QUEEN STREET,0 VOTES,OASIS,5 VOTES,BLIZZARD WORLD,3 VOTES
Danteh,https://www.twitch.tv/videos/2496817008,2025-06-26T23:01:14Z,COLOSSEO,0 VOTES,ESPERANCA,1 VOTE,SAMOA,8 VOTES
Danteh,https://www.twitch.tv/videos/2496817008,2025-06-26T23:01:14Z,ROUTE 66,8 VOTES,RIALTO,1 VOTE,SHAMBALI MONASTERY,0 VOTES
Danteh,https://www.twitch.tv/videos/2496817008,2025-06-26T23:01:14Z,,,SqiDhOH,,,
astdesign,https://www.twitch.tv/videos/2497044734,2025-06-27T03:37:58Z,MIDTOWN,1VOTE,ANTARCTIC PENINSULA,6 Votes,DORADO,2 VOTES
astdesign,https://www.twitch.tv/videos/2497044734,2025-06-27T03:37:58Z,ROUTE 66,0 VOTES,COLOSSEO,8 Votes,010,0 VOTES
astdesign,https://www.twitch.tv/videos/2497044734,2025-06-27T03:37:58Z,SHAMBALI MONASTERY,1 VOTE,NEW JUNK CITY,5 VOTES,NUMBANI,0 VOTES
astdesign,https://www.twitch.tv/videos/2497044734,2025-06-27T03:37:58Z,SURAVASA,3 VOTES,AATLIS,3 VOTES,NEPAL,0 VOTES
astdesign,https://www.twitch.tv/videos/2497044734,2025-06-27T03:37:58Z,SURAVASA,8 VOTES,ILIOS,1 VOTE,219,0 VOTES
astdesign,https://www.twitch.tv/videos/2497044734,2025-06-27T03:37:58Z,CIRCUIT ROYAL,4 VOTES,RIALTO,2 VOTES,WATCHPOINT: GIBRALTAR,1 VOTE
astdesign,https://www.twitch.tv/videos/2497044734,2025-06-27T03:37:58Z,AATLIS,3 VOTES,HOLLYWOOD,1 VOTE,RIALTO,1 VOTE
astdesign,https://www.twitch.tv/videos/2497044734,2025-06-27T03:37:58Z,NUMBANI,1 VOTE,SAMOA,2 VOTES,RUNASAPI,2 VOTES
astdesign,https://www.twitch.tv/videos/2497044734,2025-06-27T03:37:58Z,HAVANA,1 VOTE,EICHENWALDE,5 VOTES,Jeal,0 VOTES
astdesign,https://www.twitch.tv/videos/2497044734,2025-06-27T03:37:58Z,WATCHPOINT: GIBRALTAR,2 VOTES,SURAVASA,4 VOTES,ILIOS,0 VOTES
astdesign,https://www.twitch.tv/videos/2497044734,2025-06-27T03:37:58Z,NUMBANI,0 VOTES,NEW QUEEN STREET,2 VOTES,EICHENWALDE,1 VOTE
NenWhy,https://www.twitch.tv/videos/2497661476,2025-06-27T21:49:12Z,BLIZZARD WORLD,6 VOTES,JUNKERTOWN,1 VOTE,DORADO,0 VOTES
NenWhy,https://www.twitch.tv/videos/2497661476,2025-06-27T21:49:12Z,SURAVASA,2 VOTES,ESPERANCA,0 VOTES,AATLIS,7votes
NenWhy,https://www.twitch.tv/videos/2497661476,2025-06-27T21:49:12Z,COLOSSEO,6 VOTES,NUMBANI,0 VOTES,RUNASAPI,1 VOTE
NenWhy,https://www.twitch.tv/videos/2497661476,2025-06-27T21:49:12Z,NEW JUNK CITY,3 VOTES,NUMBANI,2 VOTES,AATLIS,2 VOTES
NenWhy,https://www.twitch.tv/videos/2497661476,2025-06-27T21:49:12Z,AATLIS,5 VOTES,HOLLYWOOD,0 VOTES,CIRCUIT ROYAL,1 VOTE
NenWhy,https://www.twitch.tv/videos/2497661476,2025-06-27T21:49:12Z,OASIS,5 VOTES,EICHENWALDE,1 VOTE,NEW JUNK CITY,1 VOTE
NenWhy,https://www.twitch.tv/videos/2497661476,2025-06-27T21:49:12Z,BLIZZARD WORLD,0 VOTES,SURAVASA,1 VOTE,AATLIS,6 VOTES
NenWhy,https://www.twitch.tv/videos/2497661476,2025-06-27T21:49:12Z,BLIZZARD WORLD,6 VOTES,NEW QUEEN STREET,9votes,AATLIS,0 VOTES
NenWhy,https://www.twitch.tv/videos/2497661476,2025-06-27T21:49:12Z,CIRCUIT ROYAL,1 VOTE,WATCHPOINT: GIBRALTAR,4 VOTES,AATLIS,1 VOTE
NenWhy,https://www.twitch.tv/videos/2497661476,2025-06-27T21:49:12Z,AATLIS,2 VOTES,BUSAN,2 VOTES,ILIOS,6 VOTES
NenWhy,https://www.twitch.tv/videos/2497661476,2025-06-27T21:49:12Z,SURAVASA,5 VOTES,HAVANA,1 VOTE,CIRCUIT ROYAL,0 VOTES
NenWhy,https://www.twitch.tv/videos/2497661476,2025-06-27T21:49:12Z,PARAiSo,0 VOTES,ANTARCTIC PENINSULA,6 VOTES,MIDTOWN,1 VOTE
NenWhy,https://www.twitch.tv/videos/2497661476,2025-06-27T21:49:12Z,SHAMBALI MONASTERY,0 VOTES,AATLIS,4 Votes,RUNASAPI,5 VOTES
NenWhy,https://www.twitch.tv/videos/2497661476,2025-06-27T21:49:12Z,AATLIS,1 VOTE,WATCHPOINT: GIBRALTAR,0 VOTES,SURAVASA,6 VOTES
NenWhy,https://www.twitch.tv/videos/2497661476,2025-06-27T21:49:12Z,HOLLYWOOD,1 VOTE,WATCHPOINT: GIBRALTAR,1 VOTE,RIALTO,4 VOTES
NenWhy,https://www.twitch.tv/videos/2497661476,2025-06-27T21:49:12Z,ANTARCTIC PENINSULA,5 VOTES,BUSAN,1 VOTE,EICHENWALDE,0 VOTES
